Workbook

Sheet 읽어보기
B2: 컴활 2급 실기 · 함수 연습 — 수학반올림 (13문제)
B3: 웹 「함수 연습소」의 [수학·반올림] 범위와 똑같은 문제입니다. 번호도, 표도, 칸 주소도 같습니다.
B4: 웹에서는 한 문제씩, 여기서는 진짜 엑셀로 한꺼번에 풀어 봅니다.
B5: 푸는 법
B6: ① 아래 시트 탭(01, 02 …)이 문제 하나씩입니다. 오른쪽에 문제가 적혀 있습니다.
B7: ② 노란 칸의 0 을 지우고 = 로 시작하는 수식을 넣습니다.
B8: ③ 노란 칸이 여러 줄이면 — 첫 칸에만 수식을 넣고, 채우기 핸들(칸 오른쪽 아래 ■)을 마지막 노란 칸까지 끌어내립니다.
B9: ④ 오른쪽 [채점] 칸이 ✔ 맞음 / ✘ 다시 로 스스로 바뀝니다. 수식이 달라도 결과가 같으면 맞음입니다.
B10: ⑤ [채점표] 시트에서 전체 진행 상황을, 맨 끝 [정답] 시트에서 모범답안을 볼 수 있습니다.
B11: 사람마다 결과가 달라야 정상입니다. 첫 칸은 맞았는데 아래 칸이 틀린다면, 끌어내리면서 범위나 기준 칸도 같이 내려간 것입니다 — 움직이면 안 되는 주소에 F4 로 $ 를 붙이세요.
B12: 값이 안 바뀌어 보이면 Ctrl + Alt + F9 (전체 다시 계산). 숫자를 손으로 적으면 맞음이 나오지 않습니다.

Sheet 채점표
A1: 채점표 — 수학반올림 13문제
A3: 번호 | B3: 문제 | C3: 넣을 칸 | D3: 채점
A4: 1 | B4: 정수로 반올림 | C4: B2 → B7 | D4: ='01 정수로 반올림'!I7
A5: 2 | B5: 백의 자리에서 반올림 | C5: B2 → B7 | D5: ='02 백의 자리에서 반올림'!I7
A6: 3 | B6: 올림 처리 | C6: C2 → C7 | D6: ='03 올림 처리'!I7
A7: 4 | B7: 내림 처리 | C7: C2 → C7 | D7: ='04 내림 처리'!I7
A8: 5 | B8: 몫 구하기 | C8: C2 → C7 | D8: ='05 몫 구하기'!I7
A9: 6 | B9: 나머지 구하기 | C9: C2 → C7 | D9: ='06 나머지 구하기'!I7
A10: 7 | B10: 차이의 절댓값 | C10: C2 → C7 | D10: ='07 차이의 절댓값'!I7
A11: 8 | B11: 거듭제곱 | C11: B2 → B7 | D11: ='08 거듭제곱'!I7
A12: 9 | B12: 곱 구하기 | C12: D2 → D7 | D12: ='09 곱 구하기'!I7
A13: 10 | B13: 십의 자리까지 내림 | C13: B2 → B7 | D13: ='10 십의 자리까지 내림'!I7
A14: 11 | B14: 나눈 나머지로 판정 | C14: B2 → B7 | D14: ='11 나눈 나머지로 판정'!I7
A15: 12 | B15: 거듭제곱으로 넓이 | C15: B2 → B7 | D15: ='12 거듭제곱으로 넓이'!I7
A16: 13 | B16: 전체에서 차지하는 비율(%) | C16: C2 → C6 | D16: ='13 전체에서 차지하는 비율%'!I7
B18: 맞은 문제 | D18: =COUNTIF(D4:D16,"*맞음*")&" / 13"

Sheet 01 정수로 반올림
A1: 값 | B1: 결과 | H1: 1번 · 정수로 반올림
A2: 3567.48 | B2: 0 | H2: 값[A2:A7]을 정수(소수점 없이)로 반올림하여 [B2:B7]에 표시하시오. | AA2: =ROUND(A2,0) | AB2: =AND(_xlfn.ISFORMULA(B2),IFERROR(ROUND(B2,4)=ROUND(AA2,4),EXACT(B2,AA2)))
A3: 3567.5 | B3: 0 | AA3: =ROUND(A3,0) | AB3: =AND(_xlfn.ISFORMULA(B3),IFERROR(ROUND(B3,4)=ROUND(AA3,4),EXACT(B3,AA3)))
A4: -12.5 | B4: 0 | AA4: =ROUND(A4,0) | AB4: =AND(_xlfn.ISFORMULA(B4),IFERROR(ROUND(B4,4)=ROUND(AA4,4),EXACT(B4,AA4)))
A5: 0.49 | B5: 0 | H5: ① B2 의 0 을 지우고 수식을 넣습니다. ② 채우기 핸들(칸 오른쪽 아래 ■)을 B7 까지 끌어내립니다. | AA5: =ROUND(A5,0) | AB5: =AND(_xlfn.ISFORMULA(B5),IFERROR(ROUND(B5,4)=ROUND(AA5,4),EXACT(B5,AA5)))
A6: 1024.51 | B6: 0 | AA6: =ROUND(A6,0) | AB6: =AND(_xlfn.ISFORMULA(B6),IFERROR(ROUND(B6,4)=ROUND(AA6,4),EXACT(B6,AA6)))
A7: 99.99 | B7: 0 | H7: 채점 | I7: =IF(NOT(_xlfn.ISFORMULA(B2)),"↖ 0 지우고 수식",IF(COUNTIF(AB2:AB7,TRUE)=6,"✔ 맞음","✘ 다시 ("&COUNTIF(AB2:AB7,TRUE)&" / 6칸)")) | AA7: =ROUND(A7,0) | AB7: =AND(_xlfn.ISFORMULA(B7),IFERROR(ROUND(B7,4)=ROUND(AA7,4),EXACT(B7,AA7)))
H8: 칸마다 따로 채점합니다. 첫 칸만 맞고 아래가 틀리면 — 끌어내릴 때 움직이면 안 되는 주소에 $ 가 있는지 보세요.
H11: 💡 막히면: 자릿수 0은 정수 자리까지 반올림합니다.

Sheet 02 백의 자리에서 반올림
A1: 값 | B1: 결과 | H1: 2번 · 백의 자리에서 반올림
A2: 3567.48 | B2: 0 | H2: 값[A2:A7]을 백의 자리까지 반올림하여 [B2:B7]에 표시하시오. (예: 3567 → 3600) | AA2: =ROUND(A2,-2) | AB2: =AND(_xlfn.ISFORMULA(B2),IFERROR(ROUND(B2,4)=ROUND(AA2,4),EXACT(B2,AA2)))
A3: 1249.9 | B3: 0 | AA3: =ROUND(A3,-2) | AB3: =AND(_xlfn.ISFORMULA(B3),IFERROR(ROUND(B3,4)=ROUND(AA3,4),EXACT(B3,AA3)))
A4: 1250 | B4: 0 | AA4: =ROUND(A4,-2) | AB4: =AND(_xlfn.ISFORMULA(B4),IFERROR(ROUND(B4,4)=ROUND(AA4,4),EXACT(B4,AA4)))
A5: 87 | B5: 0 | H5: ① B2 의 0 을 지우고 수식을 넣습니다. ② 채우기 핸들(칸 오른쪽 아래 ■)을 B7 까지 끌어내립니다. | AA5: =ROUND(A5,-2) | AB5: =AND(_xlfn.ISFORMULA(B5),IFERROR(ROUND(B5,4)=ROUND(AA5,4),EXACT(B5,AA5)))
A6: 45678 | B6: 0 | AA6: =ROUND(A6,-2) | AB6: =AND(_xlfn.ISFORMULA(B6),IFERROR(ROUND(B6,4)=ROUND(AA6,4),EXACT(B6,AA6)))
A7: -3456 | B7: 0 | H7: 채점 | I7: =IF(NOT(_xlfn.ISFORMULA(B2)),"↖ 0 지우고 수식",IF(COUNTIF(AB2:AB7,TRUE)=6,"✔ 맞음","✘ 다시 ("&COUNTIF(AB2:AB7,TRUE)&" / 6칸)")) | AA7: =ROUND(A7,-2) | AB7: =AND(_xlfn.ISFORMULA(B7),IFERROR(ROUND(B7,4)=ROUND(AA7,4),EXACT(B7,AA7)))
H8: 칸마다 따로 채점합니다. 첫 칸만 맞고 아래가 틀리면 — 끌어내릴 때 움직이면 안 되는 주소에 $ 가 있는지 보세요.
H11: 💡 막히면: 자릿수를 음수로 주면 정수 왼쪽 자리에서 처리합니다.

Sheet 03 올림 처리
A1: 단가 | B1: 수량 | C1: 금액 | H1: 3번 · 올림 처리
A2: 1234 | B2: 3.1 | C2: 0 | H2: 단가[A2:A7]×수량[B2:B7]을 계산해 정수로 올림하여 [C2:C7]에 표시하시오. | AA2: =ROUNDUP(A2*B2,0) | AB2: =AND(_xlfn.ISFORMULA(C2),IFERROR(ROUND(C2,4)=ROUND(AA2,4),EXACT(C2,AA2)))
A3: 1000 | B3: 2 | C3: 0 | AA3: =ROUNDUP(A3*B3,0) | AB3: =AND(_xlfn.ISFORMULA(C3),IFERROR(ROUND(C3,4)=ROUND(AA3,4),EXACT(C3,AA3)))
A4: 999 | B4: 1.01 | C4: 0 | AA4: =ROUNDUP(A4*B4,0) | AB4: =AND(_xlfn.ISFORMULA(C4),IFERROR(ROUND(C4,4)=ROUND(AA4,4),EXACT(C4,AA4)))
A5: 2500 | B5: 0.3 | C5: 0 | H5: ① C2 의 0 을 지우고 수식을 넣습니다. ② 채우기 핸들(칸 오른쪽 아래 ■)을 C7 까지 끌어내립니다. | AA5: =ROUNDUP(A5*B5,0) | AB5: =AND(_xlfn.ISFORMULA(C5),IFERROR(ROUND(C5,4)=ROUND(AA5,4),EXACT(C5,AA5)))
A6: 1234 | B6: 3 | C6: 0 | AA6: =ROUNDUP(A6*B6,0) | AB6: =AND(_xlfn.ISFORMULA(C6),IFERROR(ROUND(C6,4)=ROUND(AA6,4),EXACT(C6,AA6)))
A7: 15.5 | B7: 7 | C7: 0 | H7: 채점 | I7: =IF(NOT(_xlfn.ISFORMULA(C2)),"↖ 0 지우고 수식",IF(COUNTIF(AB2:AB7,TRUE)=6,"✔ 맞음","✘ 다시 ("&COUNTIF(AB2:AB7,TRUE)&" / 6칸)")) | AA7: =ROUNDUP(A7*B7,0) | AB7: =AND(_xlfn.ISFORMULA(C7),IFERROR(ROUND(C7,4)=ROUND(AA7,4),EXACT(C7,AA7)))
H8: 칸마다 따로 채점합니다. 첫 칸만 맞고 아래가 틀리면 — 끌어내릴 때 움직이면 안 되는 주소에 $ 가 있는지 보세요.
H11: 💡 막히면: ROUNDUP(값, 0)

Sheet 04 내림 처리
A1: 금액 | B1: 할인율 | C1: 할인액 | H1: 4번 · 내림 처리
A2: 17850 | B2: 0.15 | C2: 0 | H2: 금액[A2:A7]×할인율[B2:B7]을 계산해 십의 자리까지 내림하여 [C2:C7]에 표시하시오. (예: 2677.5 → 2670) | AA2: =ROUNDDOWN(A2*B2,-1) | AB2: =AND(_xlfn.ISFORMULA(C2),IFERROR(ROUND(C2,4)=ROUND(AA2,4),EXACT(C2,AA2)))
A3: 20000 | B3: 0.1 | C3: 0 | AA3: =ROUNDDOWN(A3*B3,-1) | AB3: =AND(_xlfn.ISFORMULA(C3),IFERROR(ROUND(C3,4)=ROUND(AA3,4),EXACT(C3,AA3)))
A4: 12345 | B4: 0.25 | C4: 0 | AA4: =ROUNDDOWN(A4*B4,-1) | AB4: =AND(_xlfn.ISFORMULA(C4),IFERROR(ROUND(C4,4)=ROUND(AA4,4),EXACT(C4,AA4)))
A5: 9999 | B5: 0.05 | C5: 0 | H5: ① C2 의 0 을 지우고 수식을 넣습니다. ② 채우기 핸들(칸 오른쪽 아래 ■)을 C7 까지 끌어내립니다. | AA5: =ROUNDDOWN(A5*B5,-1) | AB5: =AND(_xlfn.ISFORMULA(C5),IFERROR(ROUND(C5,4)=ROUND(AA5,4),EXACT(C5,AA5)))
A6: 48760 | B6: 0.3 | C6: 0 | AA6: =ROUNDDOWN(A6*B6,-1) | AB6: =AND(_xlfn.ISFORMULA(C6),IFERROR(ROUND(C6,4)=ROUND(AA6,4),EXACT(C6,AA6)))
A7: 3000 | B7: 0.07 | C7: 0 | H7: 채점 | I7: =IF(NOT(_xlfn.ISFORMULA(C2)),"↖ 0 지우고 수식",IF(COUNTIF(AB2:AB7,TRUE)=6,"✔ 맞음","✘ 다시 ("&COUNTIF(AB2:AB7,TRUE)&" / 6칸)")) | AA7: =ROUNDDOWN(A7*B7,-1) | AB7: =AND(_xlfn.ISFORMULA(C7),IFERROR(ROUND(C7,4)=ROUND(AA7,4),EXACT(C7,AA7)))
H8: 칸마다 따로 채점합니다. 첫 칸만 맞고 아래가 틀리면 — 끌어내릴 때 움직이면 안 되는 주소에 $ 가 있는지 보세요.
H11: 💡 막히면: ROUNDDOWN(값, -1)은 일의 자리를 버립니다.

Sheet 05 몫 구하기
A1: 총개수 | B1: 한상자 | C1: 상자수 | H1: 5번 · 몫 구하기
A2: 47 | B2: 6 | C2: 0 | H2: 총개수[A2:A7]를 한상자[B2:B7]로 나눈 몫(소수점 버림)을 [C2:C7]에 구하시오. | AA2: =INT(A2/B2) | AB2: =AND(_xlfn.ISFORMULA(C2),IFERROR(ROUND(C2,4)=ROUND(AA2,4),EXACT(C2,AA2)))
A3: 48 | B3: 6 | C3: 0 | AA3: =INT(A3/B3) | AB3: =AND(_xlfn.ISFORMULA(C3),IFERROR(ROUND(C3,4)=ROUND(AA3,4),EXACT(C3,AA3)))
A4: 5 | B4: 6 | C4: 0 | AA4: =INT(A4/B4) | AB4: =AND(_xlfn.ISFORMULA(C4),IFERROR(ROUND(C4,4)=ROUND(AA4,4),EXACT(C4,AA4)))
A5: 100 | B5: 12 | C5: 0 | H5: ① C2 의 0 을 지우고 수식을 넣습니다. ② 채우기 핸들(칸 오른쪽 아래 ■)을 C7 까지 끌어내립니다. | AA5: =INT(A5/B5) | AB5: =AND(_xlfn.ISFORMULA(C5),IFERROR(ROUND(C5,4)=ROUND(AA5,4),EXACT(C5,AA5)))
A6: 73 | B6: 10 | C6: 0 | AA6: =INT(A6/B6) | AB6: =AND(_xlfn.ISFORMULA(C6),IFERROR(ROUND(C6,4)=ROUND(AA6,4),EXACT(C6,AA6)))
A7: 36 | B7: 4 | C7: 0 | H7: 채점 | I7: =IF(NOT(_xlfn.ISFORMULA(C2)),"↖ 0 지우고 수식",IF(COUNTIF(AB2:AB7,TRUE)=6,"✔ 맞음","✘ 다시 ("&COUNTIF(AB2:AB7,TRUE)&" / 6칸)")) | AA7: =INT(A7/B7) | AB7: =AND(_xlfn.ISFORMULA(C7),IFERROR(ROUND(C7,4)=ROUND(AA7,4),EXACT(C7,AA7)))
H8: 칸마다 따로 채점합니다. 첫 칸만 맞고 아래가 틀리면 — 끌어내릴 때 움직이면 안 되는 주소에 $ 가 있는지 보세요.
H11: 💡 막히면: INT(값)은 소수점 아래를 버립니다.

Sheet 06 나머지 구하기
A1: 총개수 | B1: 한상자 | C1: 남는수 | H1: 6번 · 나머지 구하기
A2: 47 | B2: 6 | C2: 0 | H2: 총개수[A2:A7]를 한상자[B2:B7]로 나눈 나머지를 [C2:C7]에 구하시오. | AA2: =MOD(A2,B2) | AB2: =AND(_xlfn.ISFORMULA(C2),IFERROR(ROUND(C2,4)=ROUND(AA2,4),EXACT(C2,AA2)))
A3: 48 | B3: 6 | C3: 0 | AA3: =MOD(A3,B3) | AB3: =AND(_xlfn.ISFORMULA(C3),IFERROR(ROUND(C3,4)=ROUND(AA3,4),EXACT(C3,AA3)))
A4: 5 | B4: 6 | C4: 0 | AA4: =MOD(A4,B4) | AB4: =AND(_xlfn.ISFORMULA(C4),IFERROR(ROUND(C4,4)=ROUND(AA4,4),EXACT(C4,AA4)))
A5: 100 | B5: 12 | C5: 0 | H5: ① C2 의 0 을 지우고 수식을 넣습니다. ② 채우기 핸들(칸 오른쪽 아래 ■)을 C7 까지 끌어내립니다. | AA5: =MOD(A5,B5) | AB5: =AND(_xlfn.ISFORMULA(C5),IFERROR(ROUND(C5,4)=ROUND(AA5,4),EXACT(C5,AA5)))
A6: 73 | B6: 10 | C6: 0 | AA6: =MOD(A6,B6) | AB6: =AND(_xlfn.ISFORMULA(C6),IFERROR(ROUND(C6,4)=ROUND(AA6,4),EXACT(C6,AA6)))
A7: 36 | B7: 4 | C7: 0 | H7: 채점 | I7: =IF(NOT(_xlfn.ISFORMULA(C2)),"↖ 0 지우고 수식",IF(COUNTIF(AB2:AB7,TRUE)=6,"✔ 맞음","✘ 다시 ("&COUNTIF(AB2:AB7,TRUE)&" / 6칸)")) | AA7: =MOD(A7,B7) | AB7: =AND(_xlfn.ISFORMULA(C7),IFERROR(ROUND(C7,4)=ROUND(AA7,4),EXACT(C7,AA7)))
H8: 칸마다 따로 채점합니다. 첫 칸만 맞고 아래가 틀리면 — 끌어내릴 때 움직이면 안 되는 주소에 $ 가 있는지 보세요.
H11: 💡 막히면: MOD(나눠지는 수, 나누는 수)

Sheet 07 차이의 절댓값
A1: 목표 | B1: 실적 | C1: 차이 | H1: 7번 · 차이의 절댓값
A2: 500 | B2: 620 | C2: 0 | H2: 목표[A2:A7]와 실적[B2:B7]의 차이를 항상 양수로 [C2:C7]에 표시하시오. | AA2: =ABS(A2-B2) | AB2: =AND(_xlfn.ISFORMULA(C2),IFERROR(ROUND(C2,4)=ROUND(AA2,4),EXACT(C2,AA2)))
A3: 500 | B3: 480 | C3: 0 | AA3: =ABS(A3-B3) | AB3: =AND(_xlfn.ISFORMULA(C3),IFERROR(ROUND(C3,4)=ROUND(AA3,4),EXACT(C3,AA3)))
A4: 300 | B4: 300 | C4: 0 | AA4: =ABS(A4-B4) | AB4: =AND(_xlfn.ISFORMULA(C4),IFERROR(ROUND(C4,4)=ROUND(AA4,4),EXACT(C4,AA4)))
A5: 250 | B5: 410 | C5: 0 | H5: ① C2 의 0 을 지우고 수식을 넣습니다. ② 채우기 핸들(칸 오른쪽 아래 ■)을 C7 까지 끌어내립니다. | AA5: =ABS(A5-B5) | AB5: =AND(_xlfn.ISFORMULA(C5),IFERROR(ROUND(C5,4)=ROUND(AA5,4),EXACT(C5,AA5)))
A6: 800 | B6: 655 | C6: 0 | AA6: =ABS(A6-B6) | AB6: =AND(_xlfn.ISFORMULA(C6),IFERROR(ROUND(C6,4)=ROUND(AA6,4),EXACT(C6,AA6)))
A7: 120 | B7: 95 | C7: 0 | H7: 채점 | I7: =IF(NOT(_xlfn.ISFORMULA(C2)),"↖ 0 지우고 수식",IF(COUNTIF(AB2:AB7,TRUE)=6,"✔ 맞음","✘ 다시 ("&COUNTIF(AB2:AB7,TRUE)&" / 6칸)")) | AA7: =ABS(A7-B7) | AB7: =AND(_xlfn.ISFORMULA(C7),IFERROR(ROUND(C7,4)=ROUND(AA7,4),EXACT(C7,AA7)))
H8: 칸마다 따로 채점합니다. 첫 칸만 맞고 아래가 틀리면 — 끌어내릴 때 움직이면 안 되는 주소에 $ 가 있는지 보세요.
H11: 💡 막히면: ABS(값)은 절댓값입니다.

Sheet 08 거듭제곱
A1: 한변 | B1: 넓이 | H1: 8번 · 거듭제곱
A2: 7 | B2: 0 | H2: 한변[A2:A7]의 제곱을 [B2:B7]에 구하시오. (POWER 사용) | AA2: =POWER(A2,2) | AB2: =AND(_xlfn.ISFORMULA(B2),IFERROR(ROUND(B2,4)=ROUND(AA2,4),EXACT(B2,AA2)))
A3: 12 | B3: 0 | AA3: =POWER(A3,2) | AB3: =AND(_xlfn.ISFORMULA(B3),IFERROR(ROUND(B3,4)=ROUND(AA3,4),EXACT(B3,AA3)))
A4: 1 | B4: 0 | AA4: =POWER(A4,2) | AB4: =AND(_xlfn.ISFORMULA(B4),IFERROR(ROUND(B4,4)=ROUND(AA4,4),EXACT(B4,AA4)))
A5: 0 | B5: 0 | H5: ① B2 의 0 을 지우고 수식을 넣습니다. ② 채우기 핸들(칸 오른쪽 아래 ■)을 B7 까지 끌어내립니다. | AA5: =POWER(A5,2) | AB5: =AND(_xlfn.ISFORMULA(B5),IFERROR(ROUND(B5,4)=ROUND(AA5,4),EXACT(B5,AA5)))
A6: 2.5 | B6: 0 | AA6: =POWER(A6,2) | AB6: =AND(_xlfn.ISFORMULA(B6),IFERROR(ROUND(B6,4)=ROUND(AA6,4),EXACT(B6,AA6)))
A7: 30 | B7: 0 | H7: 채점 | I7: =IF(NOT(_xlfn.ISFORMULA(B2)),"↖ 0 지우고 수식",IF(COUNTIF(AB2:AB7,TRUE)=6,"✔ 맞음","✘ 다시 ("&COUNTIF(AB2:AB7,TRUE)&" / 6칸)")) | AA7: =POWER(A7,2) | AB7: =AND(_xlfn.ISFORMULA(B7),IFERROR(ROUND(B7,4)=ROUND(AA7,4),EXACT(B7,AA7)))
H8: 칸마다 따로 채점합니다. 첫 칸만 맞고 아래가 틀리면 — 끌어내릴 때 움직이면 안 되는 주소에 $ 가 있는지 보세요.
H11: 💡 막히면: POWER(밑, 지수). A2^2 도 같은 결과입니다.

Sheet 09 곱 구하기
A1: 가로 | B1: 세로 | C1: 높이 | D1: 부피 | H1: 9번 · 곱 구하기
A2: 3 | B2: 4 | C2: 5 | D2: 0 | H2: 가로·세로·높이[A2:C7]를 모두 곱한 값을 [D2:D7]에 구하시오. | AA2: =PRODUCT(A2:C2) | AB2: =AND(_xlfn.ISFORMULA(D2),IFERROR(ROUND(D2,4)=ROUND(AA2,4),EXACT(D2,AA2)))
A3: 2 | B3: 2 | C3: 2 | D3: 0 | AA3: =PRODUCT(A3:C3) | AB3: =AND(_xlfn.ISFORMULA(D3),IFERROR(ROUND(D3,4)=ROUND(AA3,4),EXACT(D3,AA3)))
A4: 10 | B4: 5 | C4: 1 | D4: 0 | AA4: =PRODUCT(A4:C4) | AB4: =AND(_xlfn.ISFORMULA(D4),IFERROR(ROUND(D4,4)=ROUND(AA4,4),EXACT(D4,AA4)))
A5: 1.5 | B5: 4 | C5: 3 | D5: 0 | H5: ① D2 의 0 을 지우고 수식을 넣습니다. ② 채우기 핸들(칸 오른쪽 아래 ■)을 D7 까지 끌어내립니다. | AA5: =PRODUCT(A5:C5) | AB5: =AND(_xlfn.ISFORMULA(D5),IFERROR(ROUND(D5,4)=ROUND(AA5,4),EXACT(D5,AA5)))
A6: 7 | B6: 0 | C6: 9 | D6: 0 | AA6: =PRODUCT(A6:C6) | AB6: =AND(_xlfn.ISFORMULA(D6),IFERROR(ROUND(D6,4)=ROUND(AA6,4),EXACT(D6,AA6)))
A7: 12 | B7: 8 | C7: 6 | D7: 0 | H7: 채점 | I7: =IF(NOT(_xlfn.ISFORMULA(D2)),"↖ 0 지우고 수식",IF(COUNTIF(AB2:AB7,TRUE)=6,"✔ 맞음","✘ 다시 ("&COUNTIF(AB2:AB7,TRUE)&" / 6칸)")) | AA7: =PRODUCT(A7:C7) | AB7: =AND(_xlfn.ISFORMULA(D7),IFERROR(ROUND(D7,4)=ROUND(AA7,4),EXACT(D7,AA7)))
H8: 칸마다 따로 채점합니다. 첫 칸만 맞고 아래가 틀리면 — 끌어내릴 때 움직이면 안 되는 주소에 $ 가 있는지 보세요.
H11: 💡 막히면: PRODUCT(범위)는 범위의 모든 값을 곱합니다.

Sheet 10 십의 자리까지 내림
A1: 정가 | B1: 표시가 | H1: 10번 · 십의 자리까지 내림
A2: 17850 | B2: 0 | H2: 정가[A2:A7]를 십의 자리까지 내림해 [B2:B7]에 표시하시오. (예: 17850 → 17800) | AA2: =ROUNDDOWN(A2,-2) | AB2: =AND(_xlfn.ISFORMULA(B2),IFERROR(ROUND(B2,4)=ROUND(AA2,4),EXACT(B2,AA2)))
A3: 17899 | B3: 0 | AA3: =ROUNDDOWN(A3,-2) | AB3: =AND(_xlfn.ISFORMULA(B3),IFERROR(ROUND(B3,4)=ROUND(AA3,4),EXACT(B3,AA3)))
A4: 5 | B4: 0 | AA4: =ROUNDDOWN(A4,-2) | AB4: =AND(_xlfn.ISFORMULA(B4),IFERROR(ROUND(B4,4)=ROUND(AA4,4),EXACT(B4,AA4)))
A5: 1234 | B5: 0 | H5: ① B2 의 0 을 지우고 수식을 넣습니다. ② 채우기 핸들(칸 오른쪽 아래 ■)을 B7 까지 끌어내립니다. | AA5: =ROUNDDOWN(A5,-2) | AB5: =AND(_xlfn.ISFORMULA(B5),IFERROR(ROUND(B5,4)=ROUND(AA5,4),EXACT(B5,AA5)))
A6: 98760 | B6: 0 | AA6: =ROUNDDOWN(A6,-2) | AB6: =AND(_xlfn.ISFORMULA(B6),IFERROR(ROUND(B6,4)=ROUND(AA6,4),EXACT(B6,AA6)))
A7: 100 | B7: 0 | H7: 채점 | I7: =IF(NOT(_xlfn.ISFORMULA(B2)),"↖ 0 지우고 수식",IF(COUNTIF(AB2:AB7,TRUE)=6,"✔ 맞음","✘ 다시 ("&COUNTIF(AB2:AB7,TRUE)&" / 6칸)")) | AA7: =ROUNDDOWN(A7,-2) | AB7: =AND(_xlfn.ISFORMULA(B7),IFERROR(ROUND(B7,4)=ROUND(AA7,4),EXACT(B7,AA7)))
H8: 칸마다 따로 채점합니다. 첫 칸만 맞고 아래가 틀리면 — 끌어내릴 때 움직이면 안 되는 주소에 $ 가 있는지 보세요.
H11: 💡 막히면: 자릿수 -2는 백의 자리 아래를 버립니다.

Sheet 11 나눈 나머지로 판정
A1: 번호 | B1: 조 | H1: 11번 · 나눈 나머지로 판정
A2: 17 | B2: 0 | H2: 번호[A2:A7]를 3으로 나눈 나머지를 [B2:B7]에 구하시오. | AA2: =MOD(A2,3) | AB2: =AND(_xlfn.ISFORMULA(B2),IFERROR(ROUND(B2,4)=ROUND(AA2,4),EXACT(B2,AA2)))
A3: 3 | B3: 0 | AA3: =MOD(A3,3) | AB3: =AND(_xlfn.ISFORMULA(B3),IFERROR(ROUND(B3,4)=ROUND(AA3,4),EXACT(B3,AA3)))
A4: 20 | B4: 0 | AA4: =MOD(A4,3) | AB4: =AND(_xlfn.ISFORMULA(B4),IFERROR(ROUND(B4,4)=ROUND(AA4,4),EXACT(B4,AA4)))
A5: 1 | B5: 0 | H5: ① B2 의 0 을 지우고 수식을 넣습니다. ② 채우기 핸들(칸 오른쪽 아래 ■)을 B7 까지 끌어내립니다. | AA5: =MOD(A5,3) | AB5: =AND(_xlfn.ISFORMULA(B5),IFERROR(ROUND(B5,4)=ROUND(AA5,4),EXACT(B5,AA5)))
A6: 30 | B6: 0 | AA6: =MOD(A6,3) | AB6: =AND(_xlfn.ISFORMULA(B6),IFERROR(ROUND(B6,4)=ROUND(AA6,4),EXACT(B6,AA6)))
A7: 11 | B7: 0 | H7: 채점 | I7: =IF(NOT(_xlfn.ISFORMULA(B2)),"↖ 0 지우고 수식",IF(COUNTIF(AB2:AB7,TRUE)=6,"✔ 맞음","✘ 다시 ("&COUNTIF(AB2:AB7,TRUE)&" / 6칸)")) | AA7: =MOD(A7,3) | AB7: =AND(_xlfn.ISFORMULA(B7),IFERROR(ROUND(B7,4)=ROUND(AA7,4),EXACT(B7,AA7)))
H8: 칸마다 따로 채점합니다. 첫 칸만 맞고 아래가 틀리면 — 끌어내릴 때 움직이면 안 되는 주소에 $ 가 있는지 보세요.
H11: 💡 막히면: MOD(수, 나누는 수)

Sheet 12 거듭제곱으로 넓이
A1: 한 변 | B1: 정사각형 넓이 | H1: 12번 · 거듭제곱으로 넓이
A2: 7 | B2: 0 | H2: 한 변[A2:A7]의 길이로 만든 정사각형의 넓이를 [B2:B7]에 구하시오. (POWER 사용) | AA2: =POWER(A2,2) | AB2: =AND(_xlfn.ISFORMULA(B2),IFERROR(ROUND(B2,4)=ROUND(AA2,4),EXACT(B2,AA2)))
A3: 12 | B3: 0 | AA3: =POWER(A3,2) | AB3: =AND(_xlfn.ISFORMULA(B3),IFERROR(ROUND(B3,4)=ROUND(AA3,4),EXACT(B3,AA3)))
A4: 3 | B4: 0 | AA4: =POWER(A4,2) | AB4: =AND(_xlfn.ISFORMULA(B4),IFERROR(ROUND(B4,4)=ROUND(AA4,4),EXACT(B4,AA4)))
A5: 0.5 | B5: 0 | H5: ① B2 의 0 을 지우고 수식을 넣습니다. ② 채우기 핸들(칸 오른쪽 아래 ■)을 B7 까지 끌어내립니다. | AA5: =POWER(A5,2) | AB5: =AND(_xlfn.ISFORMULA(B5),IFERROR(ROUND(B5,4)=ROUND(AA5,4),EXACT(B5,AA5)))
A6: 20 | B6: 0 | AA6: =POWER(A6,2) | AB6: =AND(_xlfn.ISFORMULA(B6),IFERROR(ROUND(B6,4)=ROUND(AA6,4),EXACT(B6,AA6)))
A7: 1 | B7: 0 | H7: 채점 | I7: =IF(NOT(_xlfn.ISFORMULA(B2)),"↖ 0 지우고 수식",IF(COUNTIF(AB2:AB7,TRUE)=6,"✔ 맞음","✘ 다시 ("&COUNTIF(AB2:AB7,TRUE)&" / 6칸)")) | AA7: =POWER(A7,2) | AB7: =AND(_xlfn.ISFORMULA(B7),IFERROR(ROUND(B7,4)=ROUND(AA7,4),EXACT(B7,AA7)))
H8: 칸마다 따로 채점합니다. 첫 칸만 맞고 아래가 틀리면 — 끌어내릴 때 움직이면 안 되는 주소에 $ 가 있는지 보세요.
H11: 💡 막히면: POWER(밑, 지수) · =A2^2 와 같습니다.

Sheet 13 전체에서 차지하는 비율%
A1: 설비 | B1: 고장 건수 | C1: 비율(%) | H1: 13번 · 전체에서 차지하는 비율(%)
A2: 프레스 | B2: 12 | C2: 0 | H2: 고장 건수[B2:B6]가 전체 고장 건수에서 차지하는 비율을 백분율 숫자로 구하되 소수 첫째 자리까지 반올림하여 [C2:C6]에 표시하시오. (예: 30.0) | AA2: =ROUND(B2/SUM($B$2:$B$6)*100,1) | AB2: =AND(_xlfn.ISFORMULA(C2),IFERROR(ROUND(C2,4)=ROUND(AA2,4),EXACT(C2,AA2)))
A3: 용접기 | B3: 7 | C3: 0 | AA3: =ROUND(B3/SUM($B$2:$B$6)*100,1) | AB3: =AND(_xlfn.ISFORMULA(C3),IFERROR(ROUND(C3,4)=ROUND(AA3,4),EXACT(C3,AA3)))
A4: 컨베이어 | B4: 3 | C4: 0 | AA4: =ROUND(B4/SUM($B$2:$B$6)*100,1) | AB4: =AND(_xlfn.ISFORMULA(C4),IFERROR(ROUND(C4,4)=ROUND(AA4,4),EXACT(C4,AA4)))
A5: 로봇 | B5: 5 | C5: 0 | H5: ① C2 의 0 을 지우고 수식을 넣습니다. ② 채우기 핸들(칸 오른쪽 아래 ■)을 C6 까지 끌어내립니다. | AA5: =ROUND(B5/SUM($B$2:$B$6)*100,1) | AB5: =AND(_xlfn.ISFORMULA(C5),IFERROR(ROUND(C5,4)=ROUND(AA5,4),EXACT(C5,AA5)))
A6: CNC | B6: 13 | C6: 0 | AA6: =ROUND(B6/SUM($B$2:$B$6)*100,1) | AB6: =AND(_xlfn.ISFORMULA(C6),IFERROR(ROUND(C6,4)=ROUND(AA6,4),EXACT(C6,AA6)))
H7: 채점 | I7: =IF(NOT(_xlfn.ISFORMULA(C2)),"↖ 0 지우고 수식",IF(COUNTIF(AB2:AB6,TRUE)=5,"✔ 맞음","✘ 다시 ("&COUNTIF(AB2:AB6,TRUE)&" / 5칸)"))
H8: 칸마다 따로 채점합니다. 첫 칸만 맞고 아래가 틀리면 — 끌어내릴 때 움직이면 안 되는 주소에 $ 가 있는지 보세요.
H11: 💡 막히면: 자기 건수 ÷ 전체 합계 × 100. 전체 합계 범위는 모두에게 같아야 합니다.

Sheet 정답
A1: 정답 — 먼저 스스로 풀어 본 뒤에 보세요
A2: [넣을 칸] 의 첫 칸에 이 수식을 넣고, 칸이 여러 개면 끝까지 끌어내리면 됩니다.
A4: 번호 | B4: 문제 | C4: 넣을 칸 | D4: 모범답안 (첫 칸) | E4: 힌트
A5: 1 | B5: 정수로 반올림 | C5: B2:B7 | D5: =ROUND(A2,0) | E5: 자릿수 0은 정수 자리까지 반올림합니다.
A6: 2 | B6: 백의 자리에서 반올림 | C6: B2:B7 | D6: =ROUND(A2,-2) | E6: 자릿수를 음수로 주면 정수 왼쪽 자리에서 처리합니다.
A7: 3 | B7: 올림 처리 | C7: C2:C7 | D7: =ROUNDUP(A2*B2,0) | E7: ROUNDUP(값, 0)
A8: 4 | B8: 내림 처리 | C8: C2:C7 | D8: =ROUNDDOWN(A2*B2,-1) | E8: ROUNDDOWN(값, -1)은 일의 자리를 버립니다.
A9: 5 | B9: 몫 구하기 | C9: C2:C7 | D9: =INT(A2/B2) | E9: INT(값)은 소수점 아래를 버립니다.
A10: 6 | B10: 나머지 구하기 | C10: C2:C7 | D10: =MOD(A2,B2) | E10: MOD(나눠지는 수, 나누는 수)
A11: 7 | B11: 차이의 절댓값 | C11: C2:C7 | D11: =ABS(A2-B2) | E11: ABS(값)은 절댓값입니다.
A12: 8 | B12: 거듭제곱 | C12: B2:B7 | D12: =POWER(A2,2) | E12: POWER(밑, 지수). A2^2 도 같은 결과입니다.
A13: 9 | B13: 곱 구하기 | C13: D2:D7 | D13: =PRODUCT(A2:C2) | E13: PRODUCT(범위)는 범위의 모든 값을 곱합니다.
A14: 10 | B14: 십의 자리까지 내림 | C14: B2:B7 | D14: =ROUNDDOWN(A2,-2) | E14: 자릿수 -2는 백의 자리 아래를 버립니다.
A15: 11 | B15: 나눈 나머지로 판정 | C15: B2:B7 | D15: =MOD(A2,3) | E15: MOD(수, 나누는 수)
A16: 12 | B16: 거듭제곱으로 넓이 | C16: B2:B7 | D16: =POWER(A2,2) | E16: POWER(밑, 지수) · =A2^2 와 같습니다.
A17: 13 | B17: 전체에서 차지하는 비율(%) | C17: C2:C6 | D17: =ROUND(B2/SUM($B$2:$B$6)*100,1) | E17: 자기 건수 ÷ 전체 합계 × 100. 전체 합계 범위는 모두에게 같아야 합니다.
