Workbook

Sheet 읽어보기
B2: 컴활 2급 실기 · 함수 연습 — 통계 (18문제)
B3: 웹 「함수 연습소」의 [통계] 범위와 똑같은 문제입니다. 번호도, 표도, 칸 주소도 같습니다.
B4: 웹에서는 한 문제씩, 여기서는 진짜 엑셀로 한꺼번에 풀어 봅니다.
B5: 푸는 법
B6: ① 아래 시트 탭(01, 02 …)이 문제 하나씩입니다. 오른쪽에 문제가 적혀 있습니다.
B7: ② 노란 칸의 0 을 지우고 = 로 시작하는 수식을 넣습니다.
B8: ③ 노란 칸이 여러 줄이면 — 첫 칸에만 수식을 넣고, 채우기 핸들(칸 오른쪽 아래 ■)을 마지막 노란 칸까지 끌어내립니다.
B9: ④ 오른쪽 [채점] 칸이 ✔ 맞음 / ✘ 다시 로 스스로 바뀝니다. 수식이 달라도 결과가 같으면 맞음입니다.
B10: ⑤ [채점표] 시트에서 전체 진행 상황을, 맨 끝 [정답] 시트에서 모범답안을 볼 수 있습니다.
B11: 사람마다 결과가 달라야 정상입니다. 첫 칸은 맞았는데 아래 칸이 틀린다면, 끌어내리면서 범위나 기준 칸도 같이 내려간 것입니다 — 움직이면 안 되는 주소에 F4 로 $ 를 붙이세요.
B12: 값이 안 바뀌어 보이면 Ctrl + Alt + F9 (전체 다시 계산). 숫자를 손으로 적으면 맞음이 나오지 않습니다.

Sheet 채점표
A1: 채점표 — 통계 18문제
A3: 번호 | B3: 문제 | C3: 넣을 칸 | D3: 채점
A4: 1 | B4: 평균 반올림 | C4: E2 → E7 | D4: ='01 평균 반올림'!I7
A5: 2 | B5: 최고 점수 | C5: B6 | D5: ='02 최고 점수'!I6
A6: 3 | B6: 최저 점수 | C6: B6 | D6: ='03 최저 점수'!I6
A7: 4 | B7: 두 번째로 큰 값 | C7: B6 | D7: ='04 두 번째로 큰 값'!I6
A8: 5 | B8: 두 번째로 작은 값 | C8: B6 | D8: ='05 두 번째로 작은 값'!I6
A9: 6 | B9: 총점 순위(내림차순) | C9: C2 → C5 | D9: ='06 총점 순위내림차순'!I7
A10: 7 | B10: 기록 순위(오름차순) | C10: C2 → C5 | D10: ='07 기록 순위오름차순'!I7
A11: 8 | B11: 응시 인원수 | C11: B6 | D11: ='08 응시 인원수'!I6
A12: 9 | B12: 미응시 인원수 | C12: B6 | D12: ='09 미응시 인원수'!I6
A13: 10 | B13: 숫자가 든 셀 개수 | C13: B6 | D13: ='10 숫자가 든 셀 개수'!I6
A14: 11 | B14: 중간값 | C14: B7 | D14: ='11 중간값'!I6
A15: 12 | B15: 표준편차 | C15: B6 | D15: ='12 표준편차'!I6
A16: 13 | B16: 가장 많이 나온 값 | C16: B7 | D16: ='13 가장 많이 나온 값'!I6
A17: 14 | B17: 반 평균을 소수 첫째까지 | C17: B6 | D17: ='14 반 평균을 소수 첫째까지'!I6
A18: 15 | B18: 세 번째로 높은 점수 | C18: A7 | D18: ='15 세 번째로 높은 점수'!I6
A19: 16 | B19: 최고와 최저의 차이 | C19: A7 | D19: ='16 최고와 최저의 차이'!I6
A20: 17 | B20: 가운데 값(중앙값) | C20: A7 | D20: ='17 가운데 값중앙값'!I6
A21: 18 | B21: 평균과의 차이 | C21: C2 → C7 | D21: ='18 평균과의 차이'!I7
B23: 맞은 문제 | D23: =COUNTIF(D4:D21,"*맞음*")&" / 18"

Sheet 01 평균 반올림
A1: 이름 | B1: 국어 | C1: 영어 | D1: 수학 | E1: 평균 | H1: 1번 · 평균 반올림
A2: 박서준 | B2: 88 | C2: 91 | D2: 78 | E2: 0 | H2: 국어~수학[B2:D7]의 평균을 소수 첫째 자리까지 반올림하여 [E2:E7]에 표시하시오. | AA2: =ROUND(AVERAGE(B2:D2),1) | AB2: =AND(_xlfn.ISFORMULA(E2),IFERROR(ROUND(E2,4)=ROUND(AA2,4),EXACT(E2,AA2)))
A3: 김지안 | B3: 70 | C3: 75 | D3: 80 | E3: 0 | AA3: =ROUND(AVERAGE(B3:D3),1) | AB3: =AND(_xlfn.ISFORMULA(E3),IFERROR(ROUND(E3,4)=ROUND(AA3,4),EXACT(E3,AA3)))
A4: 이하준 | B4: 95 | C4: 100 | D4: 92 | E4: 0 | AA4: =ROUND(AVERAGE(B4:D4),1) | AB4: =AND(_xlfn.ISFORMULA(E4),IFERROR(ROUND(E4,4)=ROUND(AA4,4),EXACT(E4,AA4)))
A5: 정예준 | B5: 63 | C5: 58 | D5: 71 | E5: 0 | H5: ① E2 의 0 을 지우고 수식을 넣습니다. ② 채우기 핸들(칸 오른쪽 아래 ■)을 E7 까지 끌어내립니다. | AA5: =ROUND(AVERAGE(B5:D5),1) | AB5: =AND(_xlfn.ISFORMULA(E5),IFERROR(ROUND(E5,4)=ROUND(AA5,4),EXACT(E5,AA5)))
A6: 최수빈 | B6: 88 | C6: 88 | D6: 89 | E6: 0 | AA6: =ROUND(AVERAGE(B6:D6),1) | AB6: =AND(_xlfn.ISFORMULA(E6),IFERROR(ROUND(E6,4)=ROUND(AA6,4),EXACT(E6,AA6)))
A7: 한도윤 | B7: 100 | C7: 90 | D7: 85 | E7: 0 | H7: 채점 | I7: =IF(NOT(_xlfn.ISFORMULA(E2)),"↖ 0 지우고 수식",IF(COUNTIF(AB2:AB7,TRUE)=6,"✔ 맞음","✘ 다시 ("&COUNTIF(AB2:AB7,TRUE)&" / 6칸)")) | AA7: =ROUND(AVERAGE(B7:D7),1) | AB7: =AND(_xlfn.ISFORMULA(E7),IFERROR(ROUND(E7,4)=ROUND(AA7,4),EXACT(E7,AA7)))
H8: 칸마다 따로 채점합니다. 첫 칸만 맞고 아래가 틀리면 — 끌어내릴 때 움직이면 안 되는 주소에 $ 가 있는지 보세요.
H11: 💡 막히면: ROUND(AVERAGE(범위), 1)

Sheet 02 최고 점수
A1: 이름 | B1: 점수 | H1: 2번 · 최고 점수
A2: A | B2: 78 | H2: 점수[B2:B5] 중 가장 높은 값을 [B6]에 구하시오.
A3: B | B3: 92
A4: C | B4: 85
A5: D | B5: 64 | H5: B6 의 0 을 지우고 수식을 넣습니다.
A6: 최고점 | B6: 0 | H6: 채점 | I6: =IF(NOT(_xlfn.ISFORMULA(B6)),"↖ 0 지우고 수식",IF(COUNTIF(AB6:AB6,TRUE)=1,"✔ 맞음","✘ 다시")) | AA6: =MAX(B2:B5) | AB6: =AND(_xlfn.ISFORMULA(B6),IFERROR(ROUND(B6,4)=ROUND(AA6,4),EXACT(B6,AA6)))
H8: 💡 막히면: MAX(범위)

Sheet 03 최저 점수
A1: 이름 | B1: 점수 | H1: 3번 · 최저 점수
A2: A | B2: 78 | H2: 점수[B2:B5] 중 가장 낮은 값을 [B6]에 구하시오.
A3: B | B3: 92
A4: C | B4: 85
A5: D | B5: 64 | H5: B6 의 0 을 지우고 수식을 넣습니다.
A6: 최저점 | B6: 0 | H6: 채점 | I6: =IF(NOT(_xlfn.ISFORMULA(B6)),"↖ 0 지우고 수식",IF(COUNTIF(AB6:AB6,TRUE)=1,"✔ 맞음","✘ 다시")) | AA6: =MIN(B2:B5) | AB6: =AND(_xlfn.ISFORMULA(B6),IFERROR(ROUND(B6,4)=ROUND(AA6,4),EXACT(B6,AA6)))
H8: 💡 막히면: MIN(범위)

Sheet 04 두 번째로 큰 값
A1: 제품 | B1: 판매량 | H1: 4번 · 두 번째로 큰 값
A2: 가 | B2: 120 | H2: 판매량[B2:B5] 중 두 번째로 큰 값을 [B6]에 구하시오.
A3: 나 | B3: 340
A4: 다 | B4: 250
A5: 라 | B5: 90 | H5: B6 의 0 을 지우고 수식을 넣습니다.
A6: 2위 판매량 | B6: 0 | H6: 채점 | I6: =IF(NOT(_xlfn.ISFORMULA(B6)),"↖ 0 지우고 수식",IF(COUNTIF(AB6:AB6,TRUE)=1,"✔ 맞음","✘ 다시")) | AA6: =LARGE(B2:B5,2) | AB6: =AND(_xlfn.ISFORMULA(B6),IFERROR(ROUND(B6,4)=ROUND(AA6,4),EXACT(B6,AA6)))
H8: 💡 막히면: LARGE(범위, 2)

Sheet 05 두 번째로 작은 값
A1: 제품 | B1: 판매량 | H1: 5번 · 두 번째로 작은 값
A2: 가 | B2: 120 | H2: 판매량[B2:B5] 중 두 번째로 작은 값을 [B6]에 구하시오.
A3: 나 | B3: 340
A4: 다 | B4: 250
A5: 라 | B5: 90 | H5: B6 의 0 을 지우고 수식을 넣습니다.
A6: 하위 2번째 | B6: 0 | H6: 채점 | I6: =IF(NOT(_xlfn.ISFORMULA(B6)),"↖ 0 지우고 수식",IF(COUNTIF(AB6:AB6,TRUE)=1,"✔ 맞음","✘ 다시")) | AA6: =SMALL(B2:B5,2) | AB6: =AND(_xlfn.ISFORMULA(B6),IFERROR(ROUND(B6,4)=ROUND(AA6,4),EXACT(B6,AA6)))
H8: 💡 막히면: SMALL(범위, 2)

Sheet 06 총점 순위내림차순
A1: 이름 | B1: 총점 | C1: 순위 | H1: 6번 · 총점 순위(내림차순)
A2: 김철수 | B2: 255 | C2: 0 | H2: 총점[B2:B5] 기준 순위를 [C2:C5]에 구하시오. 범위 B2:B5는 절대참조, 높은 점수가 1등입니다. | AA2: =_xlfn.RANK.EQ(B2,$B$2:$B$5) | AB2: =AND(_xlfn.ISFORMULA(C2),IFERROR(ROUND(C2,4)=ROUND(AA2,4),EXACT(C2,AA2)))
A3: 이영희 | B3: 225 | C3: 0 | AA3: =_xlfn.RANK.EQ(B3,$B$2:$B$5) | AB3: =AND(_xlfn.ISFORMULA(C3),IFERROR(ROUND(C3,4)=ROUND(AA3,4),EXACT(C3,AA3)))
A4: 박민수 | B4: 250 | C4: 0 | AA4: =_xlfn.RANK.EQ(B4,$B$2:$B$5) | AB4: =AND(_xlfn.ISFORMULA(C4),IFERROR(ROUND(C4,4)=ROUND(AA4,4),EXACT(C4,AA4)))
A5: 최지우 | B5: 155 | C5: 0 | H5: ① C2 의 0 을 지우고 수식을 넣습니다. ② 채우기 핸들(칸 오른쪽 아래 ■)을 C5 까지 끌어내립니다. | AA5: =_xlfn.RANK.EQ(B5,$B$2:$B$5) | AB5: =AND(_xlfn.ISFORMULA(C5),IFERROR(ROUND(C5,4)=ROUND(AA5,4),EXACT(C5,AA5)))
H7: 채점 | I7: =IF(NOT(_xlfn.ISFORMULA(C2)),"↖ 0 지우고 수식",IF(COUNTIF(AB2:AB5,TRUE)=4,"✔ 맞음","✘ 다시 ("&COUNTIF(AB2:AB5,TRUE)&" / 4칸)"))
H8: 칸마다 따로 채점합니다. 첫 칸만 맞고 아래가 틀리면 — 끌어내릴 때 움직이면 안 되는 주소에 $ 가 있는지 보세요.
H11: 💡 막히면: RANK.EQ(값, $범위$). 세 번째 인수를 생략하거나 0이면 내림차순(1등=최고점).

Sheet 07 기록 순위오름차순
A1: 선수 | B1: 기록(초) | C1: 순위 | H1: 7번 · 기록 순위(오름차순)
A2: 가 | B2: 12.5 | C2: 0 | H2: 기록[B2:B5]은 작을수록 좋은 성적입니다. B2:B5를 절대참조로 하여 오름차순 순위를 [C2:C5]에 구하시오. | AA2: =_xlfn.RANK.EQ(B2,$B$2:$B$5,1) | AB2: =AND(_xlfn.ISFORMULA(C2),IFERROR(ROUND(C2,4)=ROUND(AA2,4),EXACT(C2,AA2)))
A3: 나 | B3: 11.8 | C3: 0 | AA3: =_xlfn.RANK.EQ(B3,$B$2:$B$5,1) | AB3: =AND(_xlfn.ISFORMULA(C3),IFERROR(ROUND(C3,4)=ROUND(AA3,4),EXACT(C3,AA3)))
A4: 다 | B4: 13.2 | C4: 0 | AA4: =_xlfn.RANK.EQ(B4,$B$2:$B$5,1) | AB4: =AND(_xlfn.ISFORMULA(C4),IFERROR(ROUND(C4,4)=ROUND(AA4,4),EXACT(C4,AA4)))
A5: 라 | B5: 12.1 | C5: 0 | H5: ① C2 의 0 을 지우고 수식을 넣습니다. ② 채우기 핸들(칸 오른쪽 아래 ■)을 C5 까지 끌어내립니다. | AA5: =_xlfn.RANK.EQ(B5,$B$2:$B$5,1) | AB5: =AND(_xlfn.ISFORMULA(C5),IFERROR(ROUND(C5,4)=ROUND(AA5,4),EXACT(C5,AA5)))
H7: 채점 | I7: =IF(NOT(_xlfn.ISFORMULA(C2)),"↖ 0 지우고 수식",IF(COUNTIF(AB2:AB5,TRUE)=4,"✔ 맞음","✘ 다시 ("&COUNTIF(AB2:AB5,TRUE)&" / 4칸)"))
H8: 칸마다 따로 채점합니다. 첫 칸만 맞고 아래가 틀리면 — 끌어내릴 때 움직이면 안 되는 주소에 $ 가 있는지 보세요.
H11: 💡 막히면: 세 번째 인수를 1(0이 아닌 값)로 주면 오름차순입니다.

Sheet 08 응시 인원수
A1: 이름 | B1: 점수 | H1: 8번 · 응시 인원수
A2: A | B2: 90 | H2: 점수[B2:B5]에서 값이 입력된 셀의 개수를 [B6]에 구하시오.
A3: B
A4: C | B4: 85
A5: D | B5: 60 | H5: B6 의 0 을 지우고 수식을 넣습니다.
A6: 응시인원 | B6: 0 | H6: 채점 | I6: =IF(NOT(_xlfn.ISFORMULA(B6)),"↖ 0 지우고 수식",IF(COUNTIF(AB6:AB6,TRUE)=1,"✔ 맞음","✘ 다시")) | AA6: =COUNTA(B2:B5) | AB6: =AND(_xlfn.ISFORMULA(B6),IFERROR(ROUND(B6,4)=ROUND(AA6,4),EXACT(B6,AA6)))
H8: 💡 막히면: COUNTA는 비어 있지 않은 셀을 셉니다.

Sheet 09 미응시 인원수
A1: 이름 | B1: 점수 | H1: 9번 · 미응시 인원수
A2: A | B2: 90 | H2: 점수[B2:B5]에서 비어 있는 셀의 개수를 [B6]에 구하시오.
A3: B
A4: C
A5: D | B5: 60 | H5: B6 의 0 을 지우고 수식을 넣습니다.
A6: 미응시 | B6: 0 | H6: 채점 | I6: =IF(NOT(_xlfn.ISFORMULA(B6)),"↖ 0 지우고 수식",IF(COUNTIF(AB6:AB6,TRUE)=1,"✔ 맞음","✘ 다시")) | AA6: =COUNTBLANK(B2:B5) | AB6: =AND(_xlfn.ISFORMULA(B6),IFERROR(ROUND(B6,4)=ROUND(AA6,4),EXACT(B6,AA6)))
H8: 💡 막히면: COUNTBLANK(범위)

Sheet 10 숫자가 든 셀 개수
A1: 항목 | B1: 값 | H1: 10번 · 숫자가 든 셀 개수
A2: 가 | B2: 10 | H2: [B2:B5]에서 숫자가 입력된 셀의 개수만 [B6]에 구하시오.
A3: 나 | B3: 결시
A4: 다 | B4: 30
A5: 라 | B5: 40 | H5: B6 의 0 을 지우고 수식을 넣습니다.
A6: 숫자 개수 | B6: 0 | H6: 채점 | I6: =IF(NOT(_xlfn.ISFORMULA(B6)),"↖ 0 지우고 수식",IF(COUNTIF(AB6:AB6,TRUE)=1,"✔ 맞음","✘ 다시")) | AA6: =COUNT(B2:B5) | AB6: =AND(_xlfn.ISFORMULA(B6),IFERROR(ROUND(B6,4)=ROUND(AA6,4),EXACT(B6,AA6)))
H8: 💡 막히면: COUNT는 숫자만, COUNTA는 문자까지 셉니다.

Sheet 11 중간값
A1: 이름 | B1: 점수 | H1: 11번 · 중간값
A2: A | B2: 70 | H2: 점수[B2:B6]의 중간값을 [B7]에 구하시오.
A3: B | B3: 95
A4: C | B4: 80
A5: D | B5: 60 | H5: B7 의 0 을 지우고 수식을 넣습니다.
A6: E | B6: 88 | H6: 채점 | I6: =IF(NOT(_xlfn.ISFORMULA(B7)),"↖ 0 지우고 수식",IF(COUNTIF(AB7:AB7,TRUE)=1,"✔ 맞음","✘ 다시"))
A7: 중간값 | B7: 0 | AA7: =MEDIAN(B2:B6) | AB7: =AND(_xlfn.ISFORMULA(B7),IFERROR(ROUND(B7,4)=ROUND(AA7,4),EXACT(B7,AA7)))
H8: 💡 막히면: MEDIAN(범위)

Sheet 12 표준편차
A1: 이름 | B1: 점수 | H1: 12번 · 표준편차
A2: A | B2: 70 | H2: 점수[B2:B5]의 표준편차를 소수 둘째 자리까지 반올림하여 [B6]에 구하시오.
A3: B | B3: 80
A4: C | B4: 90
A5: D | B5: 60 | H5: B6 의 0 을 지우고 수식을 넣습니다.
A6: 표준편차 | B6: 0 | H6: 채점 | I6: =IF(NOT(_xlfn.ISFORMULA(B6)),"↖ 0 지우고 수식",IF(COUNTIF(AB6:AB6,TRUE)=1,"✔ 맞음","✘ 다시")) | AA6: =ROUND(_xlfn.STDEV.S(B2:B5),2) | AB6: =AND(_xlfn.ISFORMULA(B6),IFERROR(ROUND(B6,4)=ROUND(AA6,4),EXACT(B6,AA6)))
H8: 💡 막히면: ROUND(STDEV.S(범위), 2)

Sheet 13 가장 많이 나온 값
A1: 응답 | B1: 점수 | H1: 13번 · 가장 많이 나온 값
A2: A | B2: 4 | H2: 점수[B2:B6] 중 가장 많이 나타난 값을 [B7]에 구하시오.
A3: B | B3: 5
A4: C | B4: 4
A5: D | B5: 3 | H5: B7 의 0 을 지우고 수식을 넣습니다.
A6: E | B6: 4 | H6: 채점 | I6: =IF(NOT(_xlfn.ISFORMULA(B7)),"↖ 0 지우고 수식",IF(COUNTIF(AB7:AB7,TRUE)=1,"✔ 맞음","✘ 다시"))
A7: 최빈값 | B7: 0 | AA7: =_xlfn.MODE.SNGL(B2:B6) | AB7: =AND(_xlfn.ISFORMULA(B7),IFERROR(ROUND(B7,4)=ROUND(AA7,4),EXACT(B7,AA7)))
H8: 💡 막히면: MODE.SNGL(범위)

Sheet 14 반 평균을 소수 첫째까지
A1: 이름 | B1: 점수 | H1: 14번 · 반 평균을 소수 첫째까지
A2: 김하늘 | B2: 80 | H2: 점수[B2:B5]의 평균을 소수 첫째 자리까지 반올림해 [B6]에 구하시오.
A3: 이바다 | B3: 75
A4: 박구름 | B4: 93
A5: 최나무 | B5: 67 | H5: B6 의 0 을 지우고 수식을 넣습니다.
B6: 0 | H6: 채점 | I6: =IF(NOT(_xlfn.ISFORMULA(B6)),"↖ 0 지우고 수식",IF(COUNTIF(AB6:AB6,TRUE)=1,"✔ 맞음","✘ 다시")) | AA6: =ROUND(AVERAGE(B2:B5),1) | AB6: =AND(_xlfn.ISFORMULA(B6),IFERROR(ROUND(B6,4)=ROUND(AA6,4),EXACT(B6,AA6)))
H8: 💡 막히면: ROUND(AVERAGE(범위), 1)

Sheet 15 세 번째로 높은 점수
A1: 점수 | H1: 15번 · 세 번째로 높은 점수
A2: 88 | H2: 점수[A2:A6] 중 세 번째로 높은 값을 [A7]에 구하시오.
A3: 95
A4: 72
A5: 90 | H5: A7 의 0 을 지우고 수식을 넣습니다.
A6: 65 | H6: 채점 | I6: =IF(NOT(_xlfn.ISFORMULA(A7)),"↖ 0 지우고 수식",IF(COUNTIF(AB7:AB7,TRUE)=1,"✔ 맞음","✘ 다시"))
A7: 0 | AA7: =LARGE(A2:A6,3) | AB7: =AND(_xlfn.ISFORMULA(A7),IFERROR(ROUND(A7,4)=ROUND(AA7,4),EXACT(A7,AA7)))
H8: 💡 막히면: LARGE(범위, 3) · 작은 쪽은 SMALL

Sheet 16 최고와 최저의 차이
A1: 기온 | H1: 16번 · 최고와 최저의 차이
A2: 21 | H2: 기온[A2:A6]의 최고와 최저의 차를 [A7]에 구하시오.
A3: 28
A4: 17
A5: 25 | H5: A7 의 0 을 지우고 수식을 넣습니다.
A6: 30 | H6: 채점 | I6: =IF(NOT(_xlfn.ISFORMULA(A7)),"↖ 0 지우고 수식",IF(COUNTIF(AB7:AB7,TRUE)=1,"✔ 맞음","✘ 다시"))
A7: 0 | AA7: =MAX(A2:A6)-MIN(A2:A6) | AB7: =AND(_xlfn.ISFORMULA(A7),IFERROR(ROUND(A7,4)=ROUND(AA7,4),EXACT(A7,AA7)))
H8: 💡 막히면: MAX(범위) - MIN(범위)

Sheet 17 가운데 값중앙값
A1: 판매량 | H1: 17번 · 가운데 값(중앙값)
A2: 120 | H2: 판매량[A2:A6]의 중앙값을 [A7]에 구하시오.
A3: 80
A4: 200
A5: 150 | H5: A7 의 0 을 지우고 수식을 넣습니다.
A6: 95 | H6: 채점 | I6: =IF(NOT(_xlfn.ISFORMULA(A7)),"↖ 0 지우고 수식",IF(COUNTIF(AB7:AB7,TRUE)=1,"✔ 맞음","✘ 다시"))
A7: 0 | AA7: =MEDIAN(A2:A6) | AB7: =AND(_xlfn.ISFORMULA(A7),IFERROR(ROUND(A7,4)=ROUND(AA7,4),EXACT(A7,AA7)))
H8: 💡 막히면: MEDIAN은 크기순으로 줄 세웠을 때 가운데 값입니다.

Sheet 18 평균과의 차이
A1: 이름 | B1: 점수 | C1: 평균과의 차이 | H1: 18번 · 평균과의 차이
A2: 김하늘 | B2: 70 | C2: 0 | H2: 각자의 점수[B2:B7]에서 전체 평균을 뺀 값을 [C2:C7]에 구하시오. (평균보다 낮으면 음수) | AA2: =B2-AVERAGE($B$2:$B$7) | AB2: =AND(_xlfn.ISFORMULA(C2),IFERROR(ROUND(C2,4)=ROUND(AA2,4),EXACT(C2,AA2)))
A3: 이바다 | B3: 85 | C3: 0 | AA3: =B3-AVERAGE($B$2:$B$7) | AB3: =AND(_xlfn.ISFORMULA(C3),IFERROR(ROUND(C3,4)=ROUND(AA3,4),EXACT(C3,AA3)))
A4: 박구름 | B4: 90 | C4: 0 | AA4: =B4-AVERAGE($B$2:$B$7) | AB4: =AND(_xlfn.ISFORMULA(C4),IFERROR(ROUND(C4,4)=ROUND(AA4,4),EXACT(C4,AA4)))
A5: 최나무 | B5: 65 | C5: 0 | H5: ① C2 의 0 을 지우고 수식을 넣습니다. ② 채우기 핸들(칸 오른쪽 아래 ■)을 C7 까지 끌어내립니다. | AA5: =B5-AVERAGE($B$2:$B$7) | AB5: =AND(_xlfn.ISFORMULA(C5),IFERROR(ROUND(C5,4)=ROUND(AA5,4),EXACT(C5,AA5)))
A6: 정새벽 | B6: 80 | C6: 0 | AA6: =B6-AVERAGE($B$2:$B$7) | AB6: =AND(_xlfn.ISFORMULA(C6),IFERROR(ROUND(C6,4)=ROUND(AA6,4),EXACT(C6,AA6)))
A7: 한가람 | B7: 90 | C7: 0 | H7: 채점 | I7: =IF(NOT(_xlfn.ISFORMULA(C2)),"↖ 0 지우고 수식",IF(COUNTIF(AB2:AB7,TRUE)=6,"✔ 맞음","✘ 다시 ("&COUNTIF(AB2:AB7,TRUE)&" / 6칸)")) | AA7: =B7-AVERAGE($B$2:$B$7) | AB7: =AND(_xlfn.ISFORMULA(C7),IFERROR(ROUND(C7,4)=ROUND(AA7,4),EXACT(C7,AA7)))
H8: 칸마다 따로 채점합니다. 첫 칸만 맞고 아래가 틀리면 — 끌어내릴 때 움직이면 안 되는 주소에 $ 가 있는지 보세요.
H11: 💡 막히면: 평균을 내는 범위는 모두에게 같아야 합니다. 끌어내려도 범위가 밀리지 않게 고정하세요.

Sheet 정답
A1: 정답 — 먼저 스스로 풀어 본 뒤에 보세요
A2: [넣을 칸] 의 첫 칸에 이 수식을 넣고, 칸이 여러 개면 끝까지 끌어내리면 됩니다.
A4: 번호 | B4: 문제 | C4: 넣을 칸 | D4: 모범답안 (첫 칸) | E4: 힌트
A5: 1 | B5: 평균 반올림 | C5: E2:E7 | D5: =ROUND(AVERAGE(B2:D2),1) | E5: ROUND(AVERAGE(범위), 1)
A6: 2 | B6: 최고 점수 | C6: B6 | D6: =MAX(B2:B5) | E6: MAX(범위)
A7: 3 | B7: 최저 점수 | C7: B6 | D7: =MIN(B2:B5) | E7: MIN(범위)
A8: 4 | B8: 두 번째로 큰 값 | C8: B6 | D8: =LARGE(B2:B5,2) | E8: LARGE(범위, 2)
A9: 5 | B9: 두 번째로 작은 값 | C9: B6 | D9: =SMALL(B2:B5,2) | E9: SMALL(범위, 2)
A10: 6 | B10: 총점 순위(내림차순) | C10: C2:C5 | D10: =RANK.EQ(B2,$B$2:$B$5) | E10: RANK.EQ(값, $범위$). 세 번째 인수를 생략하거나 0이면 내림차순(1등=최고점).
A11: 7 | B11: 기록 순위(오름차순) | C11: C2:C5 | D11: =RANK.EQ(B2,$B$2:$B$5,1) | E11: 세 번째 인수를 1(0이 아닌 값)로 주면 오름차순입니다.
A12: 8 | B12: 응시 인원수 | C12: B6 | D12: =COUNTA(B2:B5) | E12: COUNTA는 비어 있지 않은 셀을 셉니다.
A13: 9 | B13: 미응시 인원수 | C13: B6 | D13: =COUNTBLANK(B2:B5) | E13: COUNTBLANK(범위)
A14: 10 | B14: 숫자가 든 셀 개수 | C14: B6 | D14: =COUNT(B2:B5) | E14: COUNT는 숫자만, COUNTA는 문자까지 셉니다.
A15: 11 | B15: 중간값 | C15: B7 | D15: =MEDIAN(B2:B6) | E15: MEDIAN(범위)
A16: 12 | B16: 표준편차 | C16: B6 | D16: =ROUND(STDEV.S(B2:B5),2) | E16: ROUND(STDEV.S(범위), 2)
... A22: 18 | B22: 평균과의 차이 | C22: C2:C7 | D22: =B2-AVERAGE($B$2:$B$7) | E22: 평균을 내는 범위는 모두에게 같아야 합니다. 끌어내려도 범위가 밀리지 않게 고정하세요.
