Workbook

Sheet 읽어보기
B2: 컴활 2급 실기 · 함수 연습 — 조건부집계 (10문제)
B3: 웹 「함수 연습소」의 [조건부 집계] 범위와 똑같은 문제입니다. 번호도, 표도, 칸 주소도 같습니다.
B4: 웹에서는 한 문제씩, 여기서는 진짜 엑셀로 한꺼번에 풀어 봅니다.
B5: 푸는 법
B6: ① 아래 시트 탭(01, 02 …)이 문제 하나씩입니다. 오른쪽에 문제가 적혀 있습니다.
B7: ② 노란 칸의 0 을 지우고 = 로 시작하는 수식을 넣습니다.
B8: ③ 노란 칸이 여러 줄이면 — 첫 칸에만 수식을 넣고, 채우기 핸들(칸 오른쪽 아래 ■)을 마지막 노란 칸까지 끌어내립니다.
B9: ④ 오른쪽 [채점] 칸이 ✔ 맞음 / ✘ 다시 로 스스로 바뀝니다. 수식이 달라도 결과가 같으면 맞음입니다.
B10: ⑤ [채점표] 시트에서 전체 진행 상황을, 맨 끝 [정답] 시트에서 모범답안을 볼 수 있습니다.
B11: 사람마다 결과가 달라야 정상입니다. 첫 칸은 맞았는데 아래 칸이 틀린다면, 끌어내리면서 범위나 기준 칸도 같이 내려간 것입니다 — 움직이면 안 되는 주소에 F4 로 $ 를 붙이세요.
B12: 값이 안 바뀌어 보이면 Ctrl + Alt + F9 (전체 다시 계산). 숫자를 손으로 적으면 맞음이 나오지 않습니다.

Sheet 채점표
A1: 채점표 — 조건부집계 10문제
A3: 번호 | B3: 문제 | C3: 넣을 칸 | D3: 채점
A4: 1 | B4: 80점 이상 인원수 | C4: B7 | D4: ='01 80점 이상 인원수'!I6
A5: 2 | B5: 합격자 수 | C5: B6 | D5: ='02 합격자 수'!I6
A6: 3 | B6: 성이 김씨인 사람 수 | C6: B6 | D6: ='03 성이 김씨인 사람 수'!I6
A7: 4 | B7: 부서별 매출 합계 | C7: C6 | D7: ='04 부서별 매출 합계'!I6
A8: 5 | B8: 100 이상 판매량 합계 | C8: B6 | D8: ='05 100 이상 판매량 합계'!I6
A9: 6 | B9: 평균 이상 인원수 | C9: B6 | D9: ='06 평균 이상 인원수'!I6
A10: 7 | B10: 특정 반의 인원수 | C10: C6 | D10: ='07 특정 반의 인원수'!I6
A11: 8 | B11: 조건에 맞는 것만 더하기 | C11: C6 | D11: ='08 조건에 맞는 것만 더하기'!I6
A12: 9 | B12: 조건에 맞는 것의 평균 | C12: C6 | D12: ='09 조건에 맞는 것의 평균'!I6
A13: 10 | B13: 라인별 생산량 합계 표 | C13: F2 → F4 | D13: ='10 라인별 생산량 합계 표'!I7
B15: 맞은 문제 | D15: =COUNTIF(D4:D13,"*맞음*")&" / 10"

Sheet 01 80점 이상 인원수
A1: 이름 | B1: 점수 | H1: 1번 · 80점 이상 인원수
A2: A | B2: 90 | H2: 점수[B2:B6]가 80 이상인 사람의 수를 [B7]에 구하시오.
A3: B | B3: 70
A4: C | B4: 85
A5: D | B5: 60 | H5: B7 의 0 을 지우고 수식을 넣습니다.
A6: E | B6: 95 | H6: 채점 | I6: =IF(NOT(_xlfn.ISFORMULA(B7)),"↖ 0 지우고 수식",IF(COUNTIF(AB7:AB7,TRUE)=1,"✔ 맞음","✘ 다시"))
A7: 80이상 인원 | B7: 0 | AA7: =COUNTIF(B2:B6,">=80") | AB7: =AND(_xlfn.ISFORMULA(B7),IFERROR(ROUND(B7,4)=ROUND(AA7,4),EXACT(B7,AA7)))
H8: 💡 막히면: COUNTIF(범위, ">=80"). 조건은 "따옴표" 안에 씁니다.

Sheet 02 합격자 수
A1: 이름 | B1: 결과 | H1: 2번 · 합격자 수
A2: A | B2: 합격 | H2: 결과[B2:B5]가 "합격"인 사람의 수를 [B6]에 구하시오.
A3: B | B3: 불합격
A4: C | B4: 합격
A5: D | B5: 합격 | H5: B6 의 0 을 지우고 수식을 넣습니다.
A6: 합격자 수 | B6: 0 | H6: 채점 | I6: =IF(NOT(_xlfn.ISFORMULA(B6)),"↖ 0 지우고 수식",IF(COUNTIF(AB6:AB6,TRUE)=1,"✔ 맞음","✘ 다시")) | AA6: =COUNTIF(B2:B5,"합격") | AB6: =AND(_xlfn.ISFORMULA(B6),IFERROR(ROUND(B6,4)=ROUND(AA6,4),EXACT(B6,AA6)))
H8: 💡 막히면: COUNTIF(범위, "합격")

Sheet 03 성이 김씨인 사람 수
A1: 이름 | B1: 점수 | H1: 3번 · 성이 김씨인 사람 수
A2: 김하늘 | B2: 90 | H2: 이름[A2:A5]이 "김"으로 시작하는 사람의 수를 [B6]에 구하시오. (만능문자 * 사용)
A3: 이바다 | B3: 70
A4: 김구름 | B4: 85
A5: 박별 | B5: 60 | H5: B6 의 0 을 지우고 수식을 넣습니다.
A6: 김씨 인원 | B6: 0 | H6: 채점 | I6: =IF(NOT(_xlfn.ISFORMULA(B6)),"↖ 0 지우고 수식",IF(COUNTIF(AB6:AB6,TRUE)=1,"✔ 맞음","✘ 다시")) | AA6: =COUNTIF(A2:A5,"김*") | AB6: =AND(_xlfn.ISFORMULA(B6),IFERROR(ROUND(B6,4)=ROUND(AA6,4),EXACT(B6,AA6)))
H8: 💡 막히면: "김*" 은 김으로 시작하는 모든 문자열을 뜻합니다.

Sheet 04 부서별 매출 합계
A1: 사원 | B1: 부서 | C1: 매출 | H1: 4번 · 부서별 매출 합계
A2: 김 | B2: 영업 | C2: 300 | H2: 부서[B2:B5]가 "영업"인 사원의 매출[C2:C5] 합계를 [C6]에 구하시오.
A3: 이 | B3: 기획 | C3: 150
A4: 박 | B4: 영업 | C4: 220
A5: 최 | B5: 기획 | C5: 180 | H5: C6 의 0 을 지우고 수식을 넣습니다.
A6: 영업 합계 | C6: 0 | H6: 채점 | I6: =IF(NOT(_xlfn.ISFORMULA(C6)),"↖ 0 지우고 수식",IF(COUNTIF(AB6:AB6,TRUE)=1,"✔ 맞음","✘ 다시")) | AA6: =SUMIF(B2:B5,"영업",C2:C5) | AB6: =AND(_xlfn.ISFORMULA(C6),IFERROR(ROUND(C6,4)=ROUND(AA6,4),EXACT(C6,AA6)))
H8: 💡 막히면: SUMIF(조건범위, 조건, 합계범위)

Sheet 05 100 이상 판매량 합계
A1: 제품 | B1: 판매량 | H1: 5번 · 100 이상 판매량 합계
A2: 가 | B2: 120 | H2: 판매량[B2:B5] 중 100 이상인 값들의 합계를 [B6]에 구하시오.
A3: 나 | B3: 80
A4: 다 | B4: 250
A5: 라 | B5: 90 | H5: B6 의 0 을 지우고 수식을 넣습니다.
A6: 100이상 합계 | B6: 0 | H6: 채점 | I6: =IF(NOT(_xlfn.ISFORMULA(B6)),"↖ 0 지우고 수식",IF(COUNTIF(AB6:AB6,TRUE)=1,"✔ 맞음","✘ 다시")) | AA6: =SUMIF(B2:B5,">=100") | AB6: =AND(_xlfn.ISFORMULA(B6),IFERROR(ROUND(B6,4)=ROUND(AA6,4),EXACT(B6,AA6)))
H8: 💡 막히면: 합계범위를 생략하면 조건범위 자체를 더합니다.

Sheet 06 평균 이상 인원수
A1: 이름 | B1: 점수 | H1: 6번 · 평균 이상 인원수
A2: A | B2: 90 | H2: 점수[B2:B5]가 전체 평균 이상인 사람의 수를 [B6]에 구하시오. (조건을 ">="&평균 형태로 연결)
A3: B | B3: 70
A4: C | B4: 85
A5: D | B5: 55 | H5: B6 의 0 을 지우고 수식을 넣습니다.
A6: 평균이상 | B6: 0 | H6: 채점 | I6: =IF(NOT(_xlfn.ISFORMULA(B6)),"↖ 0 지우고 수식",IF(COUNTIF(AB6:AB6,TRUE)=1,"✔ 맞음","✘ 다시")) | AA6: =COUNTIF(B2:B5,">="&AVERAGE(B2:B5)) | AB6: =AND(_xlfn.ISFORMULA(B6),IFERROR(ROUND(B6,4)=ROUND(AA6,4),EXACT(B6,AA6)))
H8: 💡 막히면: 문자 조건과 계산값은 & 로 이어 붙입니다.

Sheet 07 특정 반의 인원수
A1: 이름 | B1: 반 | C1: 점수 | H1: 7번 · 특정 반의 인원수
A2: 김하늘 | B2: 1반 | C2: 80 | H2: 반[B2:B5]이 "1반"인 학생 수를 [C6]에 구하시오.
A3: 이바다 | B3: 2반 | C3: 70
A4: 박구름 | B4: 1반 | C4: 95
A5: 최나무 | B5: 2반 | C5: 55 | H5: C6 의 0 을 지우고 수식을 넣습니다.
C6: 0 | H6: 채점 | I6: =IF(NOT(_xlfn.ISFORMULA(C6)),"↖ 0 지우고 수식",IF(COUNTIF(AB6:AB6,TRUE)=1,"✔ 맞음","✘ 다시")) | AA6: =COUNTIF(B2:B5,"1반") | AB6: =AND(_xlfn.ISFORMULA(C6),IFERROR(ROUND(C6,4)=ROUND(AA6,4),EXACT(C6,AA6)))
H8: 💡 막히면: COUNTIF(범위, 조건)

Sheet 08 조건에 맞는 것만 더하기
A1: 품목 | B1: 분류 | C1: 금액 | H1: 8번 · 조건에 맞는 것만 더하기
A2: 노트 | B2: 문구 | C2: 3000 | H2: 분류[B2:B5]가 "문구"인 금액[C2:C5]의 합계를 [C6]에 구하시오.
A3: 마우스 | B3: 전자 | C3: 12000
A4: 펜 | B4: 문구 | C4: 1500
A5: 키보드 | B5: 전자 | C5: 25000 | H5: C6 의 0 을 지우고 수식을 넣습니다.
C6: 0 | H6: 채점 | I6: =IF(NOT(_xlfn.ISFORMULA(C6)),"↖ 0 지우고 수식",IF(COUNTIF(AB6:AB6,TRUE)=1,"✔ 맞음","✘ 다시")) | AA6: =SUMIF(B2:B5,"문구",C2:C5) | AB6: =AND(_xlfn.ISFORMULA(C6),IFERROR(ROUND(C6,4)=ROUND(AA6,4),EXACT(C6,AA6)))
H8: 💡 막히면: SUMIF(조건범위, 조건, 합계범위) — 합계 범위가 맨 뒤

Sheet 09 조건에 맞는 것의 평균
A1: 이름 | B1: 성별 | C1: 기록 | H1: 9번 · 조건에 맞는 것의 평균
A2: 김하늘 | B2: 남 | C2: 14.2 | H2: 성별[B2:B5]이 "남"인 기록[C2:C5]의 평균을 [C6]에 구하시오.
A3: 이바다 | B3: 여 | C3: 16.5
A4: 박구름 | B4: 남 | C4: 13.8
A5: 최나무 | B5: 여 | C5: 15.9 | H5: C6 의 0 을 지우고 수식을 넣습니다.
C6: 0 | H6: 채점 | I6: =IF(NOT(_xlfn.ISFORMULA(C6)),"↖ 0 지우고 수식",IF(COUNTIF(AB6:AB6,TRUE)=1,"✔ 맞음","✘ 다시")) | AA6: =AVERAGEIF(B2:B5,"남",C2:C5) | AB6: =AND(_xlfn.ISFORMULA(C6),IFERROR(ROUND(C6,4)=ROUND(AA6,4),EXACT(C6,AA6)))
H8: 💡 막히면: AVERAGEIF(조건범위, 조건, 평균범위)

Sheet 10 라인별 생산량 합계 표
A1: 제품 | B1: 라인 | C1: 생산량 | E1: 라인 | F1: 합계 | H1: 10번 · 라인별 생산량 합계 표
A2: 베어링 | B2: A | C2: 120 | E2: A | F2: 0 | H2: 라인[B2:B8]이 [E2:E4]의 라인과 같은 것의 생산량 합계를 [F2:F4]에 구하시오. | AA2: =SUMIF($B$2:$B$8,E2,$C$2:$C$8) | AB2: =AND(_xlfn.ISFORMULA(F2),IFERROR(ROUND(F2,4)=ROUND(AA2,4),EXACT(F2,AA2)))
A3: 기어 | B3: B | C3: 80 | E3: C | F3: 0 | AA3: =SUMIF($B$2:$B$8,E3,$C$2:$C$8) | AB3: =AND(_xlfn.ISFORMULA(F3),IFERROR(ROUND(F3,4)=ROUND(AA3,4),EXACT(F3,AA3)))
A4: 구동축 | B4: A | C4: 150 | E4: B | F4: 0 | AA4: =SUMIF($B$2:$B$8,E4,$C$2:$C$8) | AB4: =AND(_xlfn.ISFORMULA(F4),IFERROR(ROUND(F4,4)=ROUND(AA4,4),EXACT(F4,AA4)))
A5: 밸브 | B5: C | C5: 90 | H5: ① F2 의 0 을 지우고 수식을 넣습니다. ② 채우기 핸들(칸 오른쪽 아래 ■)을 F4 까지 끌어내립니다.
A6: 기어 | B6: B | C6: 110
A7: 구동축 | B7: C | C7: 60 | H7: 채점 | I7: =IF(NOT(_xlfn.ISFORMULA(F2)),"↖ 0 지우고 수식",IF(COUNTIF(AB2:AB4,TRUE)=3,"✔ 맞음","✘ 다시 ("&COUNTIF(AB2:AB4,TRUE)&" / 3칸)"))
A8: 밸브 | B8: A | C8: 70 | H8: 칸마다 따로 채점합니다. 첫 칸만 맞고 아래가 틀리면 — 끌어내릴 때 움직이면 안 되는 주소에 $ 가 있는지 보세요.
H11: 💡 막히면: SUMIF(조건 범위, 조건, 합계 범위). 조건(E2)은 한 줄씩 내려가야 하고, 두 범위는 고정이어야 합니다.

Sheet 정답
A1: 정답 — 먼저 스스로 풀어 본 뒤에 보세요
A2: [넣을 칸] 의 첫 칸에 이 수식을 넣고, 칸이 여러 개면 끝까지 끌어내리면 됩니다.
A4: 번호 | B4: 문제 | C4: 넣을 칸 | D4: 모범답안 (첫 칸) | E4: 힌트
A5: 1 | B5: 80점 이상 인원수 | C5: B7 | D5: =COUNTIF(B2:B6,">=80") | E5: COUNTIF(범위, ">=80"). 조건은 "따옴표" 안에 씁니다.
A6: 2 | B6: 합격자 수 | C6: B6 | D6: =COUNTIF(B2:B5,"합격") | E6: COUNTIF(범위, "합격")
A7: 3 | B7: 성이 김씨인 사람 수 | C7: B6 | D7: =COUNTIF(A2:A5,"김*") | E7: "김*" 은 김으로 시작하는 모든 문자열을 뜻합니다.
A8: 4 | B8: 부서별 매출 합계 | C8: C6 | D8: =SUMIF(B2:B5,"영업",C2:C5) | E8: SUMIF(조건범위, 조건, 합계범위)
A9: 5 | B9: 100 이상 판매량 합계 | C9: B6 | D9: =SUMIF(B2:B5,">=100") | E9: 합계범위를 생략하면 조건범위 자체를 더합니다.
A10: 6 | B10: 평균 이상 인원수 | C10: B6 | D10: =COUNTIF(B2:B5,">="&AVERAGE(B2:B5)) | E10: 문자 조건과 계산값은 & 로 이어 붙입니다.
A11: 7 | B11: 특정 반의 인원수 | C11: C6 | D11: =COUNTIF(B2:B5,"1반") | E11: COUNTIF(범위, 조건)
A12: 8 | B12: 조건에 맞는 것만 더하기 | C12: C6 | D12: =SUMIF(B2:B5,"문구",C2:C5) | E12: SUMIF(조건범위, 조건, 합계범위) — 합계 범위가 맨 뒤
A13: 9 | B13: 조건에 맞는 것의 평균 | C13: C6 | D13: =AVERAGEIF(B2:B5,"남",C2:C5) | E13: AVERAGEIF(조건범위, 조건, 평균범위)
A14: 10 | B14: 라인별 생산량 합계 표 | C14: F2:F4 | D14: =SUMIF($B$2:$B$8,E2,$C$2:$C$8) | E14: SUMIF(조건 범위, 조건, 합계 범위). 조건(E2)은 한 줄씩 내려가야 하고, 두 범위는 고정이어야 합니다.
