Workbook

Sheet 읽어보기
B2: 컴활 2급 실기 · 함수 연습 — 문자열 (15문제)
B3: 웹 「함수 연습소」의 [문자열] 범위와 똑같은 문제입니다. 번호도, 표도, 칸 주소도 같습니다.
B4: 웹에서는 한 문제씩, 여기서는 진짜 엑셀로 한꺼번에 풀어 봅니다.
B5: 푸는 법
B6: ① 아래 시트 탭(01, 02 …)이 문제 하나씩입니다. 오른쪽에 문제가 적혀 있습니다.
B7: ② 노란 칸의 0 을 지우고 = 로 시작하는 수식을 넣습니다.
B8: ③ 노란 칸이 여러 줄이면 — 첫 칸에만 수식을 넣고, 채우기 핸들(칸 오른쪽 아래 ■)을 마지막 노란 칸까지 끌어내립니다.
B9: ④ 오른쪽 [채점] 칸이 ✔ 맞음 / ✘ 다시 로 스스로 바뀝니다. 수식이 달라도 결과가 같으면 맞음입니다.
B10: ⑤ [채점표] 시트에서 전체 진행 상황을, 맨 끝 [정답] 시트에서 모범답안을 볼 수 있습니다.
B11: 사람마다 결과가 달라야 정상입니다. 첫 칸은 맞았는데 아래 칸이 틀린다면, 끌어내리면서 범위나 기준 칸도 같이 내려간 것입니다 — 움직이면 안 되는 주소에 F4 로 $ 를 붙이세요.
B12: 값이 안 바뀌어 보이면 Ctrl + Alt + F9 (전체 다시 계산). 숫자를 손으로 적으면 맞음이 나오지 않습니다.

Sheet 채점표
A1: 채점표 — 문자열 15문제
A3: 번호 | B3: 문제 | C3: 넣을 칸 | D3: 채점
A4: 1 | B4: 왼쪽 글자 추출 | C4: B2 → B7 | D4: ='01 왼쪽 글자 추출'!I7
A5: 2 | B5: 오른쪽 글자 추출 | C5: B2 → B7 | D5: ='02 오른쪽 글자 추출'!I7
A6: 3 | B6: 중간 글자 추출 | C6: B2 → B7 | D6: ='03 중간 글자 추출'!I7
A7: 4 | B7: 글자 수 세기 | C7: B2 → B7 | D7: ='04 글자 수 세기'!I7
A8: 5 | B8: 문자 연결하기 | C8: C2 → C6 | D8: ='05 문자 연결하기'!I7
A9: 6 | B9: 괄호로 묶어 표시 | C9: C2 → C6 | D9: ='06 괄호로 묶어 표시'!I7
A10: 7 | B10: 대문자로 바꾸기 | C10: B2 → B7 | D10: ='07 대문자로 바꾸기'!I7
A11: 8 | B11: 첫 글자만 대문자 | C11: B2 → B7 | D11: ='08 첫 글자만 대문자'!I7
A12: 9 | B12: 일부를 *로 가리기 | C12: B2 → B7 | D12: ='09 일부를 로 가리기'!I7
A13: 10 | B13: 문자 위치 찾기 | C13: B2 → B7 | D13: ='10 문자 위치 찾기'!I7
A14: 11 | B14: 구분자 앞부분만 추출 | C14: B2 → B7 | D14: ='11 구분자 앞부분만 추출'!I7
A15: 12 | B15: 불필요한 공백 제거 | C15: B2 → B7 | D15: ='12 불필요한 공백 제거'!I7
A16: 13 | B16: 학번에서 학년만 | C16: B2 → B7 | D16: ='13 학번에서 학년만'!I7
A17: 14 | B17: 이름 뒤에 "님" 붙이기 | C17: B2 → B7 | D17: ='14 이름 뒤에 님 붙이기'!I7
A18: 15 | B18: 앞뒤 공백 없애고 대문자로 | C18: B2 → B7 | D18: ='15 앞뒤 공백 없애고 대문자로'!I7
B20: 맞은 문제 | D20: =COUNTIF(D4:D18,"*맞음*")&" / 15"

Sheet 01 왼쪽 글자 추출
A1: 코드 | B1: 지역 | H1: 1번 · 왼쪽 글자 추출
A2: 서울-A102 | B2: 0 | H2: 코드[A2:A7]의 왼쪽 2글자를 [B2:B7]에 표시하시오. | AA2: =LEFT(A2,2) | AB2: =AND(_xlfn.ISFORMULA(B2),IFERROR(ROUND(B2,4)=ROUND(AA2,4),EXACT(B2,AA2)))
A3: 부산-B77 | B3: 0 | AA3: =LEFT(A3,2) | AB3: =AND(_xlfn.ISFORMULA(B3),IFERROR(ROUND(B3,4)=ROUND(AA3,4),EXACT(B3,AA3)))
A4: 대구-C3 | B4: 0 | AA4: =LEFT(A4,2) | AB4: =AND(_xlfn.ISFORMULA(B4),IFERROR(ROUND(B4,4)=ROUND(AA4,4),EXACT(B4,AA4)))
A5: 인천-A1 | B5: 0 | H5: ① B2 의 0 을 지우고 수식을 넣습니다. ② 채우기 핸들(칸 오른쪽 아래 ■)을 B7 까지 끌어내립니다. | AA5: =LEFT(A5,2) | AB5: =AND(_xlfn.ISFORMULA(B5),IFERROR(ROUND(B5,4)=ROUND(AA5,4),EXACT(B5,AA5)))
A6: 광주-D205 | B6: 0 | AA6: =LEFT(A6,2) | AB6: =AND(_xlfn.ISFORMULA(B6),IFERROR(ROUND(B6,4)=ROUND(AA6,4),EXACT(B6,AA6)))
A7: 울산-E48 | B7: 0 | H7: 채점 | I7: =IF(NOT(_xlfn.ISFORMULA(B2)),"↖ 0 지우고 수식",IF(COUNTIF(AB2:AB7,TRUE)=6,"✔ 맞음","✘ 다시 ("&COUNTIF(AB2:AB7,TRUE)&" / 6칸)")) | AA7: =LEFT(A7,2) | AB7: =AND(_xlfn.ISFORMULA(B7),IFERROR(ROUND(B7,4)=ROUND(AA7,4),EXACT(B7,AA7)))
H8: 칸마다 따로 채점합니다. 첫 칸만 맞고 아래가 틀리면 — 끌어내릴 때 움직이면 안 되는 주소에 $ 가 있는지 보세요.
H11: 💡 막히면: LEFT(문자열, 글자수)

Sheet 02 오른쪽 글자 추출
A1: 코드 | B1: 번호 | H1: 2번 · 오른쪽 글자 추출
A2: 서울-A102 | B2: 0 | H2: 코드[A2:A7]의 오른쪽 3글자를 [B2:B7]에 표시하시오. | AA2: =RIGHT(A2,3) | AB2: =AND(_xlfn.ISFORMULA(B2),IFERROR(ROUND(B2,4)=ROUND(AA2,4),EXACT(B2,AA2)))
A3: 부산-B770 | B3: 0 | AA3: =RIGHT(A3,3) | AB3: =AND(_xlfn.ISFORMULA(B3),IFERROR(ROUND(B3,4)=ROUND(AA3,4),EXACT(B3,AA3)))
A4: 대구-C301 | B4: 0 | AA4: =RIGHT(A4,3) | AB4: =AND(_xlfn.ISFORMULA(B4),IFERROR(ROUND(B4,4)=ROUND(AA4,4),EXACT(B4,AA4)))
A5: 인천-A001 | B5: 0 | H5: ① B2 의 0 을 지우고 수식을 넣습니다. ② 채우기 핸들(칸 오른쪽 아래 ■)을 B7 까지 끌어내립니다. | AA5: =RIGHT(A5,3) | AB5: =AND(_xlfn.ISFORMULA(B5),IFERROR(ROUND(B5,4)=ROUND(AA5,4),EXACT(B5,AA5)))
A6: 광주-D205 | B6: 0 | AA6: =RIGHT(A6,3) | AB6: =AND(_xlfn.ISFORMULA(B6),IFERROR(ROUND(B6,4)=ROUND(AA6,4),EXACT(B6,AA6)))
A7: 울산-E480 | B7: 0 | H7: 채점 | I7: =IF(NOT(_xlfn.ISFORMULA(B2)),"↖ 0 지우고 수식",IF(COUNTIF(AB2:AB7,TRUE)=6,"✔ 맞음","✘ 다시 ("&COUNTIF(AB2:AB7,TRUE)&" / 6칸)")) | AA7: =RIGHT(A7,3) | AB7: =AND(_xlfn.ISFORMULA(B7),IFERROR(ROUND(B7,4)=ROUND(AA7,4),EXACT(B7,AA7)))
H8: 칸마다 따로 채점합니다. 첫 칸만 맞고 아래가 틀리면 — 끌어내릴 때 움직이면 안 되는 주소에 $ 가 있는지 보세요.
H11: 💡 막히면: RIGHT(문자열, 글자수)

Sheet 03 중간 글자 추출
A1: 주민번호 | B1: 생월 | H1: 3번 · 중간 글자 추출
A2: 041215-3 | B2: 0 | H2: 주민번호[A2:A7]의 3번째부터 2글자를 [B2:B7]에 표시하시오. | AA2: =MID(A2,3,2) | AB2: =AND(_xlfn.ISFORMULA(B2),IFERROR(ROUND(B2,4)=ROUND(AA2,4),EXACT(B2,AA2)))
A3: 990301-1 | B3: 0 | AA3: =MID(A3,3,2) | AB3: =AND(_xlfn.ISFORMULA(B3),IFERROR(ROUND(B3,4)=ROUND(AA3,4),EXACT(B3,AA3)))
A4: 070925-4 | B4: 0 | AA4: =MID(A4,3,2) | AB4: =AND(_xlfn.ISFORMULA(B4),IFERROR(ROUND(B4,4)=ROUND(AA4,4),EXACT(B4,AA4)))
A5: 031111-3 | B5: 0 | H5: ① B2 의 0 을 지우고 수식을 넣습니다. ② 채우기 핸들(칸 오른쪽 아래 ■)을 B7 까지 끌어내립니다. | AA5: =MID(A5,3,2) | AB5: =AND(_xlfn.ISFORMULA(B5),IFERROR(ROUND(B5,4)=ROUND(AA5,4),EXACT(B5,AA5)))
A6: 050608-4 | B6: 0 | AA6: =MID(A6,3,2) | AB6: =AND(_xlfn.ISFORMULA(B6),IFERROR(ROUND(B6,4)=ROUND(AA6,4),EXACT(B6,AA6)))
A7: 981231-2 | B7: 0 | H7: 채점 | I7: =IF(NOT(_xlfn.ISFORMULA(B2)),"↖ 0 지우고 수식",IF(COUNTIF(AB2:AB7,TRUE)=6,"✔ 맞음","✘ 다시 ("&COUNTIF(AB2:AB7,TRUE)&" / 6칸)")) | AA7: =MID(A7,3,2) | AB7: =AND(_xlfn.ISFORMULA(B7),IFERROR(ROUND(B7,4)=ROUND(AA7,4),EXACT(B7,AA7)))
H8: 칸마다 따로 채점합니다. 첫 칸만 맞고 아래가 틀리면 — 끌어내릴 때 움직이면 안 되는 주소에 $ 가 있는지 보세요.
H11: 💡 막히면: MID(문자열, 시작위치, 글자수)

Sheet 04 글자 수 세기
A1: 문장 | B1: 글자수 | H1: 4번 · 글자 수 세기
A2: 컴퓨터활용능력 | B2: 0 | H2: 문장[A2:A7]의 글자 수를 [B2:B7]에 구하시오. | AA2: =LEN(A2) | AB2: =AND(_xlfn.ISFORMULA(B2),IFERROR(ROUND(B2,4)=ROUND(AA2,4),EXACT(B2,AA2)))
A3: 엑셀 | B3: 0 | AA3: =LEN(A3) | AB3: =AND(_xlfn.ISFORMULA(B3),IFERROR(ROUND(B3,4)=ROUND(AA3,4),EXACT(B3,AA3)))
A4: 스마트 팩토리 | B4: 0 | AA4: =LEN(A4) | AB4: =AND(_xlfn.ISFORMULA(B4),IFERROR(ROUND(B4,4)=ROUND(AA4,4),EXACT(B4,AA4)))
A5: PLC | B5: 0 | H5: ① B2 의 0 을 지우고 수식을 넣습니다. ② 채우기 핸들(칸 오른쪽 아래 ■)을 B7 까지 끌어내립니다. | AA5: =LEN(A5) | AB5: =AND(_xlfn.ISFORMULA(B5),IFERROR(ROUND(B5,4)=ROUND(AA5,4),EXACT(B5,AA5)))
A6: 자동화 설비 기능사 | B6: 0 | AA6: =LEN(A6) | AB6: =AND(_xlfn.ISFORMULA(B6),IFERROR(ROUND(B6,4)=ROUND(AA6,4),EXACT(B6,AA6)))
A7: A | B7: 0 | H7: 채점 | I7: =IF(NOT(_xlfn.ISFORMULA(B2)),"↖ 0 지우고 수식",IF(COUNTIF(AB2:AB7,TRUE)=6,"✔ 맞음","✘ 다시 ("&COUNTIF(AB2:AB7,TRUE)&" / 6칸)")) | AA7: =LEN(A7) | AB7: =AND(_xlfn.ISFORMULA(B7),IFERROR(ROUND(B7,4)=ROUND(AA7,4),EXACT(B7,AA7)))
H8: 칸마다 따로 채점합니다. 첫 칸만 맞고 아래가 틀리면 — 끌어내릴 때 움직이면 안 되는 주소에 $ 가 있는지 보세요.
H11: 💡 막히면: LEN(문자열)

Sheet 05 문자 연결하기
A1: 이름 | B1: 직급 | C1: 호칭 | H1: 5번 · 문자 연결하기
A2: 김하늘 | B2: 대리 | C2: 0 | H2: 이름[A2:A6]과 직급[B2:B6]을 이어 "김하늘 대리"처럼 [C2:C6]에 표시하시오. (사이에 공백 한 칸) | AA2: =A2&" "&B2 | AB2: =AND(_xlfn.ISFORMULA(C2),IFERROR(ROUND(C2,4)=ROUND(AA2,4),EXACT(C2,AA2)))
A3: 이바다 | B3: 사원 | C3: 0 | AA3: =A3&" "&B3 | AB3: =AND(_xlfn.ISFORMULA(C3),IFERROR(ROUND(C3,4)=ROUND(AA3,4),EXACT(C3,AA3)))
A4: 박구름 | B4: 과장 | C4: 0 | AA4: =A4&" "&B4 | AB4: =AND(_xlfn.ISFORMULA(C4),IFERROR(ROUND(C4,4)=ROUND(AA4,4),EXACT(C4,AA4)))
A5: 최나무 | B5: 부장 | C5: 0 | H5: ① C2 의 0 을 지우고 수식을 넣습니다. ② 채우기 핸들(칸 오른쪽 아래 ■)을 C6 까지 끌어내립니다. | AA5: =A5&" "&B5 | AB5: =AND(_xlfn.ISFORMULA(C5),IFERROR(ROUND(C5,4)=ROUND(AA5,4),EXACT(C5,AA5)))
A6: 정새벽 | B6: 주임 | C6: 0 | AA6: =A6&" "&B6 | AB6: =AND(_xlfn.ISFORMULA(C6),IFERROR(ROUND(C6,4)=ROUND(AA6,4),EXACT(C6,AA6)))
H7: 채점 | I7: =IF(NOT(_xlfn.ISFORMULA(C2)),"↖ 0 지우고 수식",IF(COUNTIF(AB2:AB6,TRUE)=5,"✔ 맞음","✘ 다시 ("&COUNTIF(AB2:AB6,TRUE)&" / 5칸)"))
H8: 칸마다 따로 채점합니다. 첫 칸만 맞고 아래가 틀리면 — 끌어내릴 때 움직이면 안 되는 주소에 $ 가 있는지 보세요.
H11: 💡 막히면: & 로 문자를 이어 붙입니다. 공백도 " " 로 넣습니다.

Sheet 06 괄호로 묶어 표시
A1: 제품 | B1: 규격 | C1: 표기 | H1: 6번 · 괄호로 묶어 표시
A2: 모니터 | B2: 27인치 | C2: 0 | H2: 제품[A2:A6]과 규격[B2:B6]을 "모니터(27인치)" 형태로 [C2:C6]에 표시하시오. | AA2: =A2&"("&B2&")" | AB2: =AND(_xlfn.ISFORMULA(C2),IFERROR(ROUND(C2,4)=ROUND(AA2,4),EXACT(C2,AA2)))
A3: 키보드 | B3: 104키 | C3: 0 | AA3: =A3&"("&B3&")" | AB3: =AND(_xlfn.ISFORMULA(C3),IFERROR(ROUND(C3,4)=ROUND(AA3,4),EXACT(C3,AA3)))
A4: 마우스 | B4: 무선 | C4: 0 | AA4: =A4&"("&B4&")" | AB4: =AND(_xlfn.ISFORMULA(C4),IFERROR(ROUND(C4,4)=ROUND(AA4,4),EXACT(C4,AA4)))
A5: 공구함 | B5: 3단 | C5: 0 | H5: ① C2 의 0 을 지우고 수식을 넣습니다. ② 채우기 핸들(칸 오른쪽 아래 ■)을 C6 까지 끌어내립니다. | AA5: =A5&"("&B5&")" | AB5: =AND(_xlfn.ISFORMULA(C5),IFERROR(ROUND(C5,4)=ROUND(AA5,4),EXACT(C5,AA5)))
A6: 베어링 | B6: 6205 | C6: 0 | AA6: =A6&"("&B6&")" | AB6: =AND(_xlfn.ISFORMULA(C6),IFERROR(ROUND(C6,4)=ROUND(AA6,4),EXACT(C6,AA6)))
H7: 채점 | I7: =IF(NOT(_xlfn.ISFORMULA(C2)),"↖ 0 지우고 수식",IF(COUNTIF(AB2:AB6,TRUE)=5,"✔ 맞음","✘ 다시 ("&COUNTIF(AB2:AB6,TRUE)&" / 5칸)"))
H8: 칸마다 따로 채점합니다. 첫 칸만 맞고 아래가 틀리면 — 끌어내릴 때 움직이면 안 되는 주소에 $ 가 있는지 보세요.
H11: 💡 막히면: 문자 상수는 큰따옴표로 감싸 & 로 연결합니다.

Sheet 07 대문자로 바꾸기
A1: 코드 | B1: 대문자 | H1: 7번 · 대문자로 바꾸기
A2: ab-102x | B2: 0 | H2: 코드[A2:A7]를 모두 대문자로 바꾸어 [B2:B7]에 표시하시오. | AA2: =UPPER(A2) | AB2: =AND(_xlfn.ISFORMULA(B2),IFERROR(ROUND(B2,4)=ROUND(AA2,4),EXACT(B2,AA2)))
A3: cnc-7a | B3: 0 | AA3: =UPPER(A3) | AB3: =AND(_xlfn.ISFORMULA(B3),IFERROR(ROUND(B3,4)=ROUND(AA3,4),EXACT(B3,AA3)))
A4: Plc-01 | B4: 0 | AA4: =UPPER(A4) | AB4: =AND(_xlfn.ISFORMULA(B4),IFERROR(ROUND(B4,4)=ROUND(AA4,4),EXACT(B4,AA4)))
A5: XY-99 | B5: 0 | H5: ① B2 의 0 을 지우고 수식을 넣습니다. ② 채우기 핸들(칸 오른쪽 아래 ■)을 B7 까지 끌어내립니다. | AA5: =UPPER(A5) | AB5: =AND(_xlfn.ISFORMULA(B5),IFERROR(ROUND(B5,4)=ROUND(AA5,4),EXACT(B5,AA5)))
A6: robot-arm | B6: 0 | AA6: =UPPER(A6) | AB6: =AND(_xlfn.ISFORMULA(B6),IFERROR(ROUND(B6,4)=ROUND(AA6,4),EXACT(B6,AA6)))
A7: a1b2 | B7: 0 | H7: 채점 | I7: =IF(NOT(_xlfn.ISFORMULA(B2)),"↖ 0 지우고 수식",IF(COUNTIF(AB2:AB7,TRUE)=6,"✔ 맞음","✘ 다시 ("&COUNTIF(AB2:AB7,TRUE)&" / 6칸)")) | AA7: =UPPER(A7) | AB7: =AND(_xlfn.ISFORMULA(B7),IFERROR(ROUND(B7,4)=ROUND(AA7,4),EXACT(B7,AA7)))
H8: 칸마다 따로 채점합니다. 첫 칸만 맞고 아래가 틀리면 — 끌어내릴 때 움직이면 안 되는 주소에 $ 가 있는지 보세요.
H11: 💡 막히면: UPPER(문자열). 소문자는 LOWER, 첫 글자만 대문자는 PROPER.

Sheet 08 첫 글자만 대문자
A1: 이름 | B1: 표기 | H1: 8번 · 첫 글자만 대문자
A2: hong gil dong | B2: 0 | H2: 이름[A2:A7]을 각 단어의 첫 글자만 대문자로 바꾸어 [B2:B7]에 표시하시오. | AA2: =PROPER(A2) | AB2: =AND(_xlfn.ISFORMULA(B2),IFERROR(ROUND(B2,4)=ROUND(AA2,4),EXACT(B2,AA2)))
A3: kim ha neul | B3: 0 | AA3: =PROPER(A3) | AB3: =AND(_xlfn.ISFORMULA(B3),IFERROR(ROUND(B3,4)=ROUND(AA3,4),EXACT(B3,AA3)))
A4: LEE BADA | B4: 0 | AA4: =PROPER(A4) | AB4: =AND(_xlfn.ISFORMULA(B4),IFERROR(ROUND(B4,4)=ROUND(AA4,4),EXACT(B4,AA4)))
A5: park Gu Reum | B5: 0 | H5: ① B2 의 0 을 지우고 수식을 넣습니다. ② 채우기 핸들(칸 오른쪽 아래 ■)을 B7 까지 끌어내립니다. | AA5: =PROPER(A5) | AB5: =AND(_xlfn.ISFORMULA(B5),IFERROR(ROUND(B5,4)=ROUND(AA5,4),EXACT(B5,AA5)))
A6: choi star | B6: 0 | AA6: =PROPER(A6) | AB6: =AND(_xlfn.ISFORMULA(B6),IFERROR(ROUND(B6,4)=ROUND(AA6,4),EXACT(B6,AA6)))
A7: jung sae byeok | B7: 0 | H7: 채점 | I7: =IF(NOT(_xlfn.ISFORMULA(B2)),"↖ 0 지우고 수식",IF(COUNTIF(AB2:AB7,TRUE)=6,"✔ 맞음","✘ 다시 ("&COUNTIF(AB2:AB7,TRUE)&" / 6칸)")) | AA7: =PROPER(A7) | AB7: =AND(_xlfn.ISFORMULA(B7),IFERROR(ROUND(B7,4)=ROUND(AA7,4),EXACT(B7,AA7)))
H8: 칸마다 따로 채점합니다. 첫 칸만 맞고 아래가 틀리면 — 끌어내릴 때 움직이면 안 되는 주소에 $ 가 있는지 보세요.
H11: 💡 막히면: PROPER(문자열)

Sheet 09 일부를 로 가리기
A1: 전화번호 | B1: 표시 | H1: 9번 · 일부를 *로 가리기
A2: 0101234567 | B2: 0 | H2: 전화번호[A2:A7]의 4번째부터 4글자를 "****"로 바꾸어 [B2:B7]에 표시하시오. | AA2: =REPLACE(A2,4,4,"****") | AB2: =AND(_xlfn.ISFORMULA(B2),IFERROR(ROUND(B2,4)=ROUND(AA2,4),EXACT(B2,AA2)))
A3: 0109876543 | B3: 0 | AA3: =REPLACE(A3,4,4,"****") | AB3: =AND(_xlfn.ISFORMULA(B3),IFERROR(ROUND(B3,4)=ROUND(AA3,4),EXACT(B3,AA3)))
A4: 0115551234 | B4: 0 | AA4: =REPLACE(A4,4,4,"****") | AB4: =AND(_xlfn.ISFORMULA(B4),IFERROR(ROUND(B4,4)=ROUND(AA4,4),EXACT(B4,AA4)))
A5: 0102468013 | B5: 0 | H5: ① B2 의 0 을 지우고 수식을 넣습니다. ② 채우기 핸들(칸 오른쪽 아래 ■)을 B7 까지 끌어내립니다. | AA5: =REPLACE(A5,4,4,"****") | AB5: =AND(_xlfn.ISFORMULA(B5),IFERROR(ROUND(B5,4)=ROUND(AA5,4),EXACT(B5,AA5)))
A6: 0167770000 | B6: 0 | AA6: =REPLACE(A6,4,4,"****") | AB6: =AND(_xlfn.ISFORMULA(B6),IFERROR(ROUND(B6,4)=ROUND(AA6,4),EXACT(B6,AA6)))
A7: 0103141592 | B7: 0 | H7: 채점 | I7: =IF(NOT(_xlfn.ISFORMULA(B2)),"↖ 0 지우고 수식",IF(COUNTIF(AB2:AB7,TRUE)=6,"✔ 맞음","✘ 다시 ("&COUNTIF(AB2:AB7,TRUE)&" / 6칸)")) | AA7: =REPLACE(A7,4,4,"****") | AB7: =AND(_xlfn.ISFORMULA(B7),IFERROR(ROUND(B7,4)=ROUND(AA7,4),EXACT(B7,AA7)))
H8: 칸마다 따로 채점합니다. 첫 칸만 맞고 아래가 틀리면 — 끌어내릴 때 움직이면 안 되는 주소에 $ 가 있는지 보세요.
H11: 💡 막히면: REPLACE(문자열, 시작위치, 바꿀 글자수, 새 문자열)

Sheet 10 문자 위치 찾기
A1: 코드 | B1: - 위치 | H1: 10번 · 문자 위치 찾기
A2: 서울-A102 | B2: 0 | H2: 코드[A2:A7]에서 "-" 가 몇 번째에 있는지 [B2:B7]에 구하시오. | AA2: =SEARCH("-",A2) | AB2: =AND(_xlfn.ISFORMULA(B2),IFERROR(ROUND(B2,4)=ROUND(AA2,4),EXACT(B2,AA2)))
A3: 인천-A1 | B3: 0 | AA3: =SEARCH("-",A3) | AB3: =AND(_xlfn.ISFORMULA(B3),IFERROR(ROUND(B3,4)=ROUND(AA3,4),EXACT(B3,AA3)))
A4: 광주광역-D205 | B4: 0 | AA4: =SEARCH("-",A4) | AB4: =AND(_xlfn.ISFORMULA(B4),IFERROR(ROUND(B4,4)=ROUND(AA4,4),EXACT(B4,AA4)))
A5: 제주-B7 | B5: 0 | H5: ① B2 의 0 을 지우고 수식을 넣습니다. ② 채우기 핸들(칸 오른쪽 아래 ■)을 B7 까지 끌어내립니다. | AA5: =SEARCH("-",A5) | AB5: =AND(_xlfn.ISFORMULA(B5),IFERROR(ROUND(B5,4)=ROUND(AA5,4),EXACT(B5,AA5)))
A6: 강원도-E48 | B6: 0 | AA6: =SEARCH("-",A6) | AB6: =AND(_xlfn.ISFORMULA(B6),IFERROR(ROUND(B6,4)=ROUND(AA6,4),EXACT(B6,AA6)))
A7: 세종-C3 | B7: 0 | H7: 채점 | I7: =IF(NOT(_xlfn.ISFORMULA(B2)),"↖ 0 지우고 수식",IF(COUNTIF(AB2:AB7,TRUE)=6,"✔ 맞음","✘ 다시 ("&COUNTIF(AB2:AB7,TRUE)&" / 6칸)")) | AA7: =SEARCH("-",A7) | AB7: =AND(_xlfn.ISFORMULA(B7),IFERROR(ROUND(B7,4)=ROUND(AA7,4),EXACT(B7,AA7)))
H8: 칸마다 따로 채점합니다. 첫 칸만 맞고 아래가 틀리면 — 끌어내릴 때 움직이면 안 되는 주소에 $ 가 있는지 보세요.
H11: 💡 막히면: SEARCH(찾을 문자, 대상 문자열). FIND는 대소문자를 구분합니다.

Sheet 11 구분자 앞부분만 추출
A1: 코드 | B1: 지역 | H1: 11번 · 구분자 앞부분만 추출
A2: 부산-B77 | B2: 0 | H2: 코드[A2:A7]에서 "-" 앞부분만 [B2:B7]에 표시하시오. (LEFT와 SEARCH를 함께 사용) | AA2: =LEFT(A2,SEARCH("-",A2)-1) | AB2: =AND(_xlfn.ISFORMULA(B2),IFERROR(ROUND(B2,4)=ROUND(AA2,4),EXACT(B2,AA2)))
A3: 서울-A102 | B3: 0 | AA3: =LEFT(A3,SEARCH("-",A3)-1) | AB3: =AND(_xlfn.ISFORMULA(B3),IFERROR(ROUND(B3,4)=ROUND(AA3,4),EXACT(B3,AA3)))
A4: 광주광역-D205 | B4: 0 | AA4: =LEFT(A4,SEARCH("-",A4)-1) | AB4: =AND(_xlfn.ISFORMULA(B4),IFERROR(ROUND(B4,4)=ROUND(AA4,4),EXACT(B4,AA4)))
A5: 제주-B7 | B5: 0 | H5: ① B2 의 0 을 지우고 수식을 넣습니다. ② 채우기 핸들(칸 오른쪽 아래 ■)을 B7 까지 끌어내립니다. | AA5: =LEFT(A5,SEARCH("-",A5)-1) | AB5: =AND(_xlfn.ISFORMULA(B5),IFERROR(ROUND(B5,4)=ROUND(AA5,4),EXACT(B5,AA5)))
A6: 강원도-E48 | B6: 0 | AA6: =LEFT(A6,SEARCH("-",A6)-1) | AB6: =AND(_xlfn.ISFORMULA(B6),IFERROR(ROUND(B6,4)=ROUND(AA6,4),EXACT(B6,AA6)))
A7: 대-C3 | B7: 0 | H7: 채점 | I7: =IF(NOT(_xlfn.ISFORMULA(B2)),"↖ 0 지우고 수식",IF(COUNTIF(AB2:AB7,TRUE)=6,"✔ 맞음","✘ 다시 ("&COUNTIF(AB2:AB7,TRUE)&" / 6칸)")) | AA7: =LEFT(A7,SEARCH("-",A7)-1) | AB7: =AND(_xlfn.ISFORMULA(B7),IFERROR(ROUND(B7,4)=ROUND(AA7,4),EXACT(B7,AA7)))
H8: 칸마다 따로 채점합니다. 첫 칸만 맞고 아래가 틀리면 — 끌어내릴 때 움직이면 안 되는 주소에 $ 가 있는지 보세요.
H11: 💡 막히면: "-"의 위치보다 1글자 적게 왼쪽에서 잘라냅니다.

Sheet 12 불필요한 공백 제거
A1: 입력 | B1: 정리 | H1: 12번 · 불필요한 공백 제거
A2: 홍 길동 | B2: 0 | H2: 입력[A2:A7]의 앞뒤 공백을 없애고 단어 사이 공백은 한 칸으로 만들어 [B2:B7]에 표시하시오. | AA2: =TRIM(A2) | AB2: =AND(_xlfn.ISFORMULA(B2),IFERROR(ROUND(B2,4)=ROUND(AA2,4),EXACT(B2,AA2)))
A3: 김 하늘 | B3: 0 | AA3: =TRIM(A3) | AB3: =AND(_xlfn.ISFORMULA(B3),IFERROR(ROUND(B3,4)=ROUND(AA3,4),EXACT(B3,AA3)))
A4: 이바다 | B4: 0 | AA4: =TRIM(A4) | AB4: =AND(_xlfn.ISFORMULA(B4),IFERROR(ROUND(B4,4)=ROUND(AA4,4),EXACT(B4,AA4)))
A5: 박 구 름 | B5: 0 | H5: ① B2 의 0 을 지우고 수식을 넣습니다. ② 채우기 핸들(칸 오른쪽 아래 ■)을 B7 까지 끌어내립니다. | AA5: =TRIM(A5) | AB5: =AND(_xlfn.ISFORMULA(B5),IFERROR(ROUND(B5,4)=ROUND(AA5,4),EXACT(B5,AA5)))
A6: 최나무 | B6: 0 | AA6: =TRIM(A6) | AB6: =AND(_xlfn.ISFORMULA(B6),IFERROR(ROUND(B6,4)=ROUND(AA6,4),EXACT(B6,AA6)))
A7: 정 새 벽 | B7: 0 | H7: 채점 | I7: =IF(NOT(_xlfn.ISFORMULA(B2)),"↖ 0 지우고 수식",IF(COUNTIF(AB2:AB7,TRUE)=6,"✔ 맞음","✘ 다시 ("&COUNTIF(AB2:AB7,TRUE)&" / 6칸)")) | AA7: =TRIM(A7) | AB7: =AND(_xlfn.ISFORMULA(B7),IFERROR(ROUND(B7,4)=ROUND(AA7,4),EXACT(B7,AA7)))
H8: 칸마다 따로 채점합니다. 첫 칸만 맞고 아래가 틀리면 — 끌어내릴 때 움직이면 안 되는 주소에 $ 가 있는지 보세요.
H11: 💡 막히면: TRIM(문자열)

Sheet 13 학번에서 학년만
A1: 학번 | B1: 학년 | H1: 13번 · 학번에서 학년만
A2: 2026-1-07 | B2: 0 | H2: 학번[A2:A7]의 6번째 한 글자(학년)를 [B2:B7]에 표시하시오. | AA2: =MID(A2,6,1) | AB2: =AND(_xlfn.ISFORMULA(B2),IFERROR(ROUND(B2,4)=ROUND(AA2,4),EXACT(B2,AA2)))
A3: 2026-2-15 | B3: 0 | AA3: =MID(A3,6,1) | AB3: =AND(_xlfn.ISFORMULA(B3),IFERROR(ROUND(B3,4)=ROUND(AA3,4),EXACT(B3,AA3)))
A4: 2026-3-01 | B4: 0 | AA4: =MID(A4,6,1) | AB4: =AND(_xlfn.ISFORMULA(B4),IFERROR(ROUND(B4,4)=ROUND(AA4,4),EXACT(B4,AA4)))
A5: 2025-1-22 | B5: 0 | H5: ① B2 의 0 을 지우고 수식을 넣습니다. ② 채우기 핸들(칸 오른쪽 아래 ■)을 B7 까지 끌어내립니다. | AA5: =MID(A5,6,1) | AB5: =AND(_xlfn.ISFORMULA(B5),IFERROR(ROUND(B5,4)=ROUND(AA5,4),EXACT(B5,AA5)))
A6: 2026-2-30 | B6: 0 | AA6: =MID(A6,6,1) | AB6: =AND(_xlfn.ISFORMULA(B6),IFERROR(ROUND(B6,4)=ROUND(AA6,4),EXACT(B6,AA6)))
A7: 2024-3-11 | B7: 0 | H7: 채점 | I7: =IF(NOT(_xlfn.ISFORMULA(B2)),"↖ 0 지우고 수식",IF(COUNTIF(AB2:AB7,TRUE)=6,"✔ 맞음","✘ 다시 ("&COUNTIF(AB2:AB7,TRUE)&" / 6칸)")) | AA7: =MID(A7,6,1) | AB7: =AND(_xlfn.ISFORMULA(B7),IFERROR(ROUND(B7,4)=ROUND(AA7,4),EXACT(B7,AA7)))
H8: 칸마다 따로 채점합니다. 첫 칸만 맞고 아래가 틀리면 — 끌어내릴 때 움직이면 안 되는 주소에 $ 가 있는지 보세요.
H11: 💡 막히면: MID(문자열, 시작위치, 개수)

Sheet 14 이름 뒤에 님 붙이기
A1: 이름 | B1: 표시 | H1: 14번 · 이름 뒤에 "님" 붙이기
A2: 정별빛 | B2: 0 | H2: 이름[A2:A7] 뒤에 "님"을 붙여 [B2:B7]에 표시하시오. | AA2: =A2&"님" | AB2: =AND(_xlfn.ISFORMULA(B2),IFERROR(ROUND(B2,4)=ROUND(AA2,4),EXACT(B2,AA2)))
A3: 김하늘 | B3: 0 | AA3: =A3&"님" | AB3: =AND(_xlfn.ISFORMULA(B3),IFERROR(ROUND(B3,4)=ROUND(AA3,4),EXACT(B3,AA3)))
A4: 이바다 | B4: 0 | AA4: =A4&"님" | AB4: =AND(_xlfn.ISFORMULA(B4),IFERROR(ROUND(B4,4)=ROUND(AA4,4),EXACT(B4,AA4)))
A5: 박구름 | B5: 0 | H5: ① B2 의 0 을 지우고 수식을 넣습니다. ② 채우기 핸들(칸 오른쪽 아래 ■)을 B7 까지 끌어내립니다. | AA5: =A5&"님" | AB5: =AND(_xlfn.ISFORMULA(B5),IFERROR(ROUND(B5,4)=ROUND(AA5,4),EXACT(B5,AA5)))
A6: 최나무 | B6: 0 | AA6: =A6&"님" | AB6: =AND(_xlfn.ISFORMULA(B6),IFERROR(ROUND(B6,4)=ROUND(AA6,4),EXACT(B6,AA6)))
A7: 정새벽 | B7: 0 | H7: 채점 | I7: =IF(NOT(_xlfn.ISFORMULA(B2)),"↖ 0 지우고 수식",IF(COUNTIF(AB2:AB7,TRUE)=6,"✔ 맞음","✘ 다시 ("&COUNTIF(AB2:AB7,TRUE)&" / 6칸)")) | AA7: =A7&"님" | AB7: =AND(_xlfn.ISFORMULA(B7),IFERROR(ROUND(B7,4)=ROUND(AA7,4),EXACT(B7,AA7)))
H8: 칸마다 따로 채점합니다. 첫 칸만 맞고 아래가 틀리면 — 끌어내릴 때 움직이면 안 되는 주소에 $ 가 있는지 보세요.
H11: 💡 막히면: & 로 이어 붙입니다. CONCAT(A2,"님") 도 같습니다.

Sheet 15 앞뒤 공백 없애고 대문자로
A1: 입력값 | B1: 정리 | H1: 15번 · 앞뒤 공백 없애고 대문자로
A2: excel | B2: 0 | H2: 입력값[A2:A7]의 앞뒤 공백을 없애고 모두 대문자로 바꿔 [B2:B7]에 표시하시오. | AA2: =UPPER(TRIM(A2)) | AB2: =AND(_xlfn.ISFORMULA(B2),IFERROR(ROUND(B2,4)=ROUND(AA2,4),EXACT(B2,AA2)))
A3: word | B3: 0 | AA3: =UPPER(TRIM(A3)) | AB3: =AND(_xlfn.ISFORMULA(B3),IFERROR(ROUND(B3,4)=ROUND(AA3,4),EXACT(B3,AA3)))
A4: Plc | B4: 0 | AA4: =UPPER(TRIM(A4)) | AB4: =AND(_xlfn.ISFORMULA(B4),IFERROR(ROUND(B4,4)=ROUND(AA4,4),EXACT(B4,AA4)))
A5: cad | B5: 0 | H5: ① B2 의 0 을 지우고 수식을 넣습니다. ② 채우기 핸들(칸 오른쪽 아래 ■)을 B7 까지 끌어내립니다. | AA5: =UPPER(TRIM(A5)) | AB5: =AND(_xlfn.ISFORMULA(B5),IFERROR(ROUND(B5,4)=ROUND(AA5,4),EXACT(B5,AA5)))
A6: Hwp | B6: 0 | AA6: =UPPER(TRIM(A6)) | AB6: =AND(_xlfn.ISFORMULA(B6),IFERROR(ROUND(B6,4)=ROUND(AA6,4),EXACT(B6,AA6)))
A7: cnc lathe | B7: 0 | H7: 채점 | I7: =IF(NOT(_xlfn.ISFORMULA(B2)),"↖ 0 지우고 수식",IF(COUNTIF(AB2:AB7,TRUE)=6,"✔ 맞음","✘ 다시 ("&COUNTIF(AB2:AB7,TRUE)&" / 6칸)")) | AA7: =UPPER(TRIM(A7)) | AB7: =AND(_xlfn.ISFORMULA(B7),IFERROR(ROUND(B7,4)=ROUND(AA7,4),EXACT(B7,AA7)))
H8: 칸마다 따로 채점합니다. 첫 칸만 맞고 아래가 틀리면 — 끌어내릴 때 움직이면 안 되는 주소에 $ 가 있는지 보세요.
H11: 💡 막히면: 함수 안에 함수를 넣습니다. TRIM 먼저, 그 결과를 UPPER로.

Sheet 정답
A1: 정답 — 먼저 스스로 풀어 본 뒤에 보세요
A2: [넣을 칸] 의 첫 칸에 이 수식을 넣고, 칸이 여러 개면 끝까지 끌어내리면 됩니다.
A4: 번호 | B4: 문제 | C4: 넣을 칸 | D4: 모범답안 (첫 칸) | E4: 힌트
A5: 1 | B5: 왼쪽 글자 추출 | C5: B2:B7 | D5: =LEFT(A2,2) | E5: LEFT(문자열, 글자수)
A6: 2 | B6: 오른쪽 글자 추출 | C6: B2:B7 | D6: =RIGHT(A2,3) | E6: RIGHT(문자열, 글자수)
A7: 3 | B7: 중간 글자 추출 | C7: B2:B7 | D7: =MID(A2,3,2) | E7: MID(문자열, 시작위치, 글자수)
A8: 4 | B8: 글자 수 세기 | C8: B2:B7 | D8: =LEN(A2) | E8: LEN(문자열)
A9: 5 | B9: 문자 연결하기 | C9: C2:C6 | D9: =A2&" "&B2 | E9: & 로 문자를 이어 붙입니다. 공백도 " " 로 넣습니다.
A10: 6 | B10: 괄호로 묶어 표시 | C10: C2:C6 | D10: =A2&"("&B2&")" | E10: 문자 상수는 큰따옴표로 감싸 & 로 연결합니다.
A11: 7 | B11: 대문자로 바꾸기 | C11: B2:B7 | D11: =UPPER(A2) | E11: UPPER(문자열). 소문자는 LOWER, 첫 글자만 대문자는 PROPER.
A12: 8 | B12: 첫 글자만 대문자 | C12: B2:B7 | D12: =PROPER(A2) | E12: PROPER(문자열)
A13: 9 | B13: 일부를 *로 가리기 | C13: B2:B7 | D13: =REPLACE(A2,4,4,"****") | E13: REPLACE(문자열, 시작위치, 바꿀 글자수, 새 문자열)
A14: 10 | B14: 문자 위치 찾기 | C14: B2:B7 | D14: =SEARCH("-",A2) | E14: SEARCH(찾을 문자, 대상 문자열). FIND는 대소문자를 구분합니다.
A15: 11 | B15: 구분자 앞부분만 추출 | C15: B2:B7 | D15: =LEFT(A2,SEARCH("-",A2)-1) | E15: "-"의 위치보다 1글자 적게 왼쪽에서 잘라냅니다.
A16: 12 | B16: 불필요한 공백 제거 | C16: B2:B7 | D16: =TRIM(A2) | E16: TRIM(문자열)
... A19: 15 | B19: 앞뒤 공백 없애고 대문자로 | C19: B2:B7 | D19: =UPPER(TRIM(A2)) | E19: 함수 안에 함수를 넣습니다. TRIM 먼저, 그 결과를 UPPER로.
