Workbook

Sheet 읽어보기
B2: 컴활 2급 실기 · 함수 연습 — 논리 (11문제)
B3: 웹 「함수 연습소」의 [논리(IF)] 범위와 똑같은 문제입니다. 번호도, 표도, 칸 주소도 같습니다.
B4: 웹에서는 한 문제씩, 여기서는 진짜 엑셀로 한꺼번에 풀어 봅니다.
B5: 푸는 법
B6: ① 아래 시트 탭(01, 02 …)이 문제 하나씩입니다. 오른쪽에 문제가 적혀 있습니다.
B7: ② 노란 칸의 0 을 지우고 = 로 시작하는 수식을 넣습니다.
B8: ③ 노란 칸이 여러 줄이면 — 첫 칸에만 수식을 넣고, 채우기 핸들(칸 오른쪽 아래 ■)을 마지막 노란 칸까지 끌어내립니다.
B9: ④ 오른쪽 [채점] 칸이 ✔ 맞음 / ✘ 다시 로 스스로 바뀝니다. 수식이 달라도 결과가 같으면 맞음입니다.
B10: ⑤ [채점표] 시트에서 전체 진행 상황을, 맨 끝 [정답] 시트에서 모범답안을 볼 수 있습니다.
B11: 사람마다 결과가 달라야 정상입니다. 첫 칸은 맞았는데 아래 칸이 틀린다면, 끌어내리면서 범위나 기준 칸도 같이 내려간 것입니다 — 움직이면 안 되는 주소에 F4 로 $ 를 붙이세요.
B12: 값이 안 바뀌어 보이면 Ctrl + Alt + F9 (전체 다시 계산). 숫자를 손으로 적으면 맞음이 나오지 않습니다.

Sheet 채점표
A1: 채점표 — 논리 11문제
A3: 번호 | B3: 문제 | C3: 넣을 칸 | D3: 채점
A4: 1 | B4: 합격/불합격 판정 | C4: E2 → E7 | D4: ='01 합격불합격 판정'!I7
A5: 2 | B5: AND로 우수 판정 | C5: D2 → D6 | D5: ='02 AND로 우수 판정'!I7
A6: 3 | B6: OR로 통과 판정 | C6: D2 → D7 | D6: ='03 OR로 통과 판정'!I7
A7: 4 | B7: IF 중첩으로 등급 | C7: C2 → C7 | D7: ='04 IF 중첩으로 등급'!I7
A8: 5 | B8: 짝수/홀수 구분 | C8: B2 → B7 | D8: ='05 짝수홀수 구분'!I7
A9: 6 | B9: 오류를 하이픈으로 | C9: D2 → D6 | D9: ='06 오류를 하이픈으로'!I7
A10: 7 | B10: NOT으로 반대 조건 | C10: C2 → C6 | D10: ='07 NOT으로 반대 조건'!I7
A11: 8 | B11: 평균으로 통과 여부 | C11: E2 → E7 | D11: ='08 평균으로 통과 여부'!I7
A12: 9 | B12: 둘 다 만족해야 장학생 | C12: D2 → D6 | D12: ='09 둘 다 만족해야 장학생'!I7
A13: 10 | B13: 3단계 등급 나누기 | C13: C2 → C7 | D13: ='10 3단계 등급 나누기'!I7
A14: 11 | B14: 목표량 칸을 기준으로 판정 | C14: C2 → C7 | D14: ='11 목표량 칸을 기준으로 판정'!I7
B16: 맞은 문제 | D16: =COUNTIF(D4:D14,"*맞음*")&" / 11"

Sheet 01 합격불합격 판정
A1: 이름 | B1: 국어 | C1: 영어 | D1: 총점 | E1: 결과 | H1: 1번 · 합격/불합격 판정
A2: 김한별 | B2: 80 | C2: 90 | D2: 170 | E2: 0 | H2: 총점[D2:D7]이 160 이상이면 "합격", 아니면 "불합격"을 [E2:E7]에 표시하시오. | AA2: =IF(D2>=160,"합격","불합격") | AB2: =AND(_xlfn.ISFORMULA(E2),IFERROR(ROUND(E2,4)=ROUND(AA2,4),EXACT(E2,AA2)))
A3: 이서윤 | B3: 75 | C3: 85 | D3: 160 | E3: 0 | AA3: =IF(D3>=160,"합격","불합격") | AB3: =AND(_xlfn.ISFORMULA(E3),IFERROR(ROUND(E3,4)=ROUND(AA3,4),EXACT(E3,AA3)))
A4: 박도현 | B4: 70 | C4: 72 | D4: 142 | E4: 0 | AA4: =IF(D4>=160,"합격","불합격") | AB4: =AND(_xlfn.ISFORMULA(E4),IFERROR(ROUND(E4,4)=ROUND(AA4,4),EXACT(E4,AA4)))
A5: 최민재 | B5: 95 | C5: 88 | D5: 183 | E5: 0 | H5: ① E2 의 0 을 지우고 수식을 넣습니다. ② 채우기 핸들(칸 오른쪽 아래 ■)을 E7 까지 끌어내립니다. | AA5: =IF(D5>=160,"합격","불합격") | AB5: =AND(_xlfn.ISFORMULA(E5),IFERROR(ROUND(E5,4)=ROUND(AA5,4),EXACT(E5,AA5)))
A6: 정하린 | B6: 79 | C6: 80 | D6: 159 | E6: 0 | AA6: =IF(D6>=160,"합격","불합격") | AB6: =AND(_xlfn.ISFORMULA(E6),IFERROR(ROUND(E6,4)=ROUND(AA6,4),EXACT(E6,AA6)))
A7: 윤지호 | B7: 60 | C7: 91 | D7: 151 | E7: 0 | H7: 채점 | I7: =IF(NOT(_xlfn.ISFORMULA(E2)),"↖ 0 지우고 수식",IF(COUNTIF(AB2:AB7,TRUE)=6,"✔ 맞음","✘ 다시 ("&COUNTIF(AB2:AB7,TRUE)&" / 6칸)")) | AA7: =IF(D7>=160,"합격","불합격") | AB7: =AND(_xlfn.ISFORMULA(E7),IFERROR(ROUND(E7,4)=ROUND(AA7,4),EXACT(E7,AA7)))
H8: 칸마다 따로 채점합니다. 첫 칸만 맞고 아래가 틀리면 — 끌어내릴 때 움직이면 안 되는 주소에 $ 가 있는지 보세요.
H11: 💡 막히면: IF(조건, 참일 때, 거짓일 때). 문자는 "큰따옴표"로 감쌉니다.

Sheet 02 AND로 우수 판정
A1: 이름 | B1: 필기 | C1: 실기 | D1: 평가 | H1: 2번 · AND로 우수 판정
A2: 이보람 | B2: 85 | C2: 90 | D2: 0 | H2: 필기[B2:B6]와 실기[C2:C6]가 모두 80 이상이면 "우수", 아니면 공백("")을 [D2:D6]에 표시하시오. | AA2: =IF(AND(B2>=80,C2>=80),"우수","") | AB2: =AND(_xlfn.ISFORMULA(D2),IFERROR(ROUND(D2,4)=ROUND(AA2,4),EXACT(D2,AA2)))
A3: 김도윤 | B3: 92 | C3: 78 | D3: 0 | AA3: =IF(AND(B3>=80,C3>=80),"우수","") | AB3: =AND(_xlfn.ISFORMULA(D3),IFERROR(ROUND(D3,4)=ROUND(AA3,4),EXACT(D3,AA3)))
A4: 최서아 | B4: 80 | C4: 80 | D4: 0 | AA4: =IF(AND(B4>=80,C4>=80),"우수","") | AB4: =AND(_xlfn.ISFORMULA(D4),IFERROR(ROUND(D4,4)=ROUND(AA4,4),EXACT(D4,AA4)))
A5: 한지민 | B5: 79 | C5: 95 | D5: 0 | H5: ① D2 의 0 을 지우고 수식을 넣습니다. ② 채우기 핸들(칸 오른쪽 아래 ■)을 D6 까지 끌어내립니다. | AA5: =IF(AND(B5>=80,C5>=80),"우수","") | AB5: =AND(_xlfn.ISFORMULA(D5),IFERROR(ROUND(D5,4)=ROUND(AA5,4),EXACT(D5,AA5)))
A6: 오세훈 | B6: 88 | C6: 83 | D6: 0 | AA6: =IF(AND(B6>=80,C6>=80),"우수","") | AB6: =AND(_xlfn.ISFORMULA(D6),IFERROR(ROUND(D6,4)=ROUND(AA6,4),EXACT(D6,AA6)))
H7: 채점 | I7: =IF(NOT(_xlfn.ISFORMULA(D2)),"↖ 0 지우고 수식",IF(COUNTIF(AB2:AB6,TRUE)=5,"✔ 맞음","✘ 다시 ("&COUNTIF(AB2:AB6,TRUE)&" / 5칸)"))
H8: 칸마다 따로 채점합니다. 첫 칸만 맞고 아래가 틀리면 — 끌어내릴 때 움직이면 안 되는 주소에 $ 가 있는지 보세요.
H11: 💡 막히면: AND(조건1, 조건2)는 조건이 모두 참일 때만 TRUE입니다.

Sheet 03 OR로 통과 판정
A1: 이름 | B1: 출석 | C1: 과제 | D1: 판정 | H1: 3번 · OR로 통과 판정
A2: 정하늘 | B2: 14 | C2: 6 | D2: 0 | H2: 출석[B2:B7]이 15 이상이거나 과제[C2:C7]가 8 이상이면 "통과", 아니면 "미달"을 [D2:D7]에 표시하시오. | AA2: =IF(OR(B2>=15,C2>=8),"통과","미달") | AB2: =AND(_xlfn.ISFORMULA(D2),IFERROR(ROUND(D2,4)=ROUND(AA2,4),EXACT(D2,AA2)))
A3: 김태오 | B3: 15 | C3: 3 | D3: 0 | AA3: =IF(OR(B3>=15,C3>=8),"통과","미달") | AB3: =AND(_xlfn.ISFORMULA(D3),IFERROR(ROUND(D3,4)=ROUND(AA3,4),EXACT(D3,AA3)))
A4: 이나래 | B4: 10 | C4: 8 | D4: 0 | AA4: =IF(OR(B4>=15,C4>=8),"통과","미달") | AB4: =AND(_xlfn.ISFORMULA(D4),IFERROR(ROUND(D4,4)=ROUND(AA4,4),EXACT(D4,AA4)))
A5: 박시우 | B5: 12 | C5: 7 | D5: 0 | H5: ① D2 의 0 을 지우고 수식을 넣습니다. ② 채우기 핸들(칸 오른쪽 아래 ■)을 D7 까지 끌어내립니다. | AA5: =IF(OR(B5>=15,C5>=8),"통과","미달") | AB5: =AND(_xlfn.ISFORMULA(D5),IFERROR(ROUND(D5,4)=ROUND(AA5,4),EXACT(D5,AA5)))
A6: 최유나 | B6: 16 | C6: 9 | D6: 0 | AA6: =IF(OR(B6>=15,C6>=8),"통과","미달") | AB6: =AND(_xlfn.ISFORMULA(D6),IFERROR(ROUND(D6,4)=ROUND(AA6,4),EXACT(D6,AA6)))
A7: 강민호 | B7: 14 | C7: 8 | D7: 0 | H7: 채점 | I7: =IF(NOT(_xlfn.ISFORMULA(D2)),"↖ 0 지우고 수식",IF(COUNTIF(AB2:AB7,TRUE)=6,"✔ 맞음","✘ 다시 ("&COUNTIF(AB2:AB7,TRUE)&" / 6칸)")) | AA7: =IF(OR(B7>=15,C7>=8),"통과","미달") | AB7: =AND(_xlfn.ISFORMULA(D7),IFERROR(ROUND(D7,4)=ROUND(AA7,4),EXACT(D7,AA7)))
H8: 칸마다 따로 채점합니다. 첫 칸만 맞고 아래가 틀리면 — 끌어내릴 때 움직이면 안 되는 주소에 $ 가 있는지 보세요.
H11: 💡 막히면: OR(조건1, 조건2)는 하나라도 참이면 TRUE입니다.

Sheet 04 IF 중첩으로 등급
A1: 이름 | B1: 점수 | C1: 등급 | H1: 4번 · IF 중첩으로 등급
A2: 한겨울 | B2: 84 | C2: 0 | H2: 점수[B2:B7]가 90 이상이면 "A", 80 이상이면 "B", 그 외는 "C"를 [C2:C7]에 표시하시오. | AA2: =IF(B2>=90,"A",IF(B2>=80,"B","C")) | AB2: =AND(_xlfn.ISFORMULA(C2),IFERROR(ROUND(C2,4)=ROUND(AA2,4),EXACT(C2,AA2)))
A3: 오하준 | B3: 90 | C3: 0 | AA3: =IF(B3>=90,"A",IF(B3>=80,"B","C")) | AB3: =AND(_xlfn.ISFORMULA(C3),IFERROR(ROUND(C3,4)=ROUND(AA3,4),EXACT(C3,AA3)))
A4: 서예린 | B4: 79 | C4: 0 | AA4: =IF(B4>=90,"A",IF(B4>=80,"B","C")) | AB4: =AND(_xlfn.ISFORMULA(C4),IFERROR(ROUND(C4,4)=ROUND(AA4,4),EXACT(C4,AA4)))
A5: 문지우 | B5: 95 | C5: 0 | H5: ① C2 의 0 을 지우고 수식을 넣습니다. ② 채우기 핸들(칸 오른쪽 아래 ■)을 C7 까지 끌어내립니다. | AA5: =IF(B5>=90,"A",IF(B5>=80,"B","C")) | AB5: =AND(_xlfn.ISFORMULA(C5),IFERROR(ROUND(C5,4)=ROUND(AA5,4),EXACT(C5,AA5)))
A6: 배수아 | B6: 80 | C6: 0 | AA6: =IF(B6>=90,"A",IF(B6>=80,"B","C")) | AB6: =AND(_xlfn.ISFORMULA(C6),IFERROR(ROUND(C6,4)=ROUND(AA6,4),EXACT(C6,AA6)))
A7: 홍준서 | B7: 62 | C7: 0 | H7: 채점 | I7: =IF(NOT(_xlfn.ISFORMULA(C2)),"↖ 0 지우고 수식",IF(COUNTIF(AB2:AB7,TRUE)=6,"✔ 맞음","✘ 다시 ("&COUNTIF(AB2:AB7,TRUE)&" / 6칸)")) | AA7: =IF(B7>=90,"A",IF(B7>=80,"B","C")) | AB7: =AND(_xlfn.ISFORMULA(C7),IFERROR(ROUND(C7,4)=ROUND(AA7,4),EXACT(C7,AA7)))
H8: 칸마다 따로 채점합니다. 첫 칸만 맞고 아래가 틀리면 — 끌어내릴 때 움직이면 안 되는 주소에 $ 가 있는지 보세요.
H11: 💡 막히면: 큰 조건부터 차례로 씁니다. IF( , , IF( , , ))

Sheet 05 짝수홀수 구분
A1: 번호 | B1: 구분 | H1: 5번 · 짝수/홀수 구분
A2: 27 | B2: 0 | H2: 번호[A2:A7]가 짝수면 "짝", 홀수면 "홀"을 [B2:B7]에 표시하시오. (MOD 사용) | AA2: =IF(MOD(A2,2)=0,"짝","홀") | AB2: =AND(_xlfn.ISFORMULA(B2),IFERROR(ROUND(B2,4)=ROUND(AA2,4),EXACT(B2,AA2)))
A3: 40 | B3: 0 | AA3: =IF(MOD(A3,2)=0,"짝","홀") | AB3: =AND(_xlfn.ISFORMULA(B3),IFERROR(ROUND(B3,4)=ROUND(AA3,4),EXACT(B3,AA3)))
A4: 3 | B4: 0 | AA4: =IF(MOD(A4,2)=0,"짝","홀") | AB4: =AND(_xlfn.ISFORMULA(B4),IFERROR(ROUND(B4,4)=ROUND(AA4,4),EXACT(B4,AA4)))
A5: 18 | B5: 0 | H5: ① B2 의 0 을 지우고 수식을 넣습니다. ② 채우기 핸들(칸 오른쪽 아래 ■)을 B7 까지 끌어내립니다. | AA5: =IF(MOD(A5,2)=0,"짝","홀") | AB5: =AND(_xlfn.ISFORMULA(B5),IFERROR(ROUND(B5,4)=ROUND(AA5,4),EXACT(B5,AA5)))
A6: 0 | B6: 0 | AA6: =IF(MOD(A6,2)=0,"짝","홀") | AB6: =AND(_xlfn.ISFORMULA(B6),IFERROR(ROUND(B6,4)=ROUND(AA6,4),EXACT(B6,AA6)))
A7: 55 | B7: 0 | H7: 채점 | I7: =IF(NOT(_xlfn.ISFORMULA(B2)),"↖ 0 지우고 수식",IF(COUNTIF(AB2:AB7,TRUE)=6,"✔ 맞음","✘ 다시 ("&COUNTIF(AB2:AB7,TRUE)&" / 6칸)")) | AA7: =IF(MOD(A7,2)=0,"짝","홀") | AB7: =AND(_xlfn.ISFORMULA(B7),IFERROR(ROUND(B7,4)=ROUND(AA7,4),EXACT(B7,AA7)))
H8: 칸마다 따로 채점합니다. 첫 칸만 맞고 아래가 틀리면 — 끌어내릴 때 움직이면 안 되는 주소에 $ 가 있는지 보세요.
H11: 💡 막히면: MOD(수,2)의 나머지가 0이면 짝수입니다.

Sheet 06 오류를 하이픈으로
A1: 제품 | B1: 목표 | C1: 판매 | D1: 달성률 | H1: 6번 · 오류를 하이픈으로
A2: 모니터 | B2: 0 | C2: 120 | D2: 0 | H2: 판매[C2:C6]÷목표[B2:B6]×100을 정수로 반올림해 달성률을 구하되, 오류가 나면 "-"를 [D2:D6]에 표시하시오. | AA2: =IFERROR(ROUND(C2/B2*100,0),"-") | AB2: =AND(_xlfn.ISFORMULA(D2),IFERROR(ROUND(D2,4)=ROUND(AA2,4),EXACT(D2,AA2)))
A3: 키보드 | B3: 200 | C3: 180 | D3: 0 | AA3: =IFERROR(ROUND(C3/B3*100,0),"-") | AB3: =AND(_xlfn.ISFORMULA(D3),IFERROR(ROUND(D3,4)=ROUND(AA3,4),EXACT(D3,AA3)))
A4: 마우스 | B4: 150 | C4: 168 | D4: 0 | AA4: =IFERROR(ROUND(C4/B4*100,0),"-") | AB4: =AND(_xlfn.ISFORMULA(D4),IFERROR(ROUND(D4,4)=ROUND(AA4,4),EXACT(D4,AA4)))
A5: 스피커 | B5: 0 | C5: 40 | D5: 0 | H5: ① D2 의 0 을 지우고 수식을 넣습니다. ② 채우기 핸들(칸 오른쪽 아래 ■)을 D6 까지 끌어내립니다. | AA5: =IFERROR(ROUND(C5/B5*100,0),"-") | AB5: =AND(_xlfn.ISFORMULA(D5),IFERROR(ROUND(D5,4)=ROUND(AA5,4),EXACT(D5,AA5)))
A6: 프린터 | B6: 80 | C6: 80 | D6: 0 | AA6: =IFERROR(ROUND(C6/B6*100,0),"-") | AB6: =AND(_xlfn.ISFORMULA(D6),IFERROR(ROUND(D6,4)=ROUND(AA6,4),EXACT(D6,AA6)))
H7: 채점 | I7: =IF(NOT(_xlfn.ISFORMULA(D2)),"↖ 0 지우고 수식",IF(COUNTIF(AB2:AB6,TRUE)=5,"✔ 맞음","✘ 다시 ("&COUNTIF(AB2:AB6,TRUE)&" / 5칸)"))
H8: 칸마다 따로 채점합니다. 첫 칸만 맞고 아래가 틀리면 — 끌어내릴 때 움직이면 안 되는 주소에 $ 가 있는지 보세요.
H11: 💡 막히면: IFERROR(수식, 오류일 때 표시할 값)

Sheet 07 NOT으로 반대 조건
A1: 이름 | B1: 제출여부 | C1: 안내 | H1: 7번 · NOT으로 반대 조건
A2: 서지호 | B2: 미제출 | C2: 0 | H2: 제출여부[B2:B6]가 "제출"이 아니면 "독촉", 맞으면 공백("")을 [C2:C6]에 표시하시오. (NOT 사용) | AA2: =IF(NOT(B2="제출"),"독촉","") | AB2: =AND(_xlfn.ISFORMULA(C2),IFERROR(ROUND(C2,4)=ROUND(AA2,4),EXACT(C2,AA2)))
A3: 김나윤 | B3: 제출 | C3: 0 | AA3: =IF(NOT(B3="제출"),"독촉","") | AB3: =AND(_xlfn.ISFORMULA(C3),IFERROR(ROUND(C3,4)=ROUND(AA3,4),EXACT(C3,AA3)))
A4: 이준혁 | B4: 미제출 | C4: 0 | AA4: =IF(NOT(B4="제출"),"독촉","") | AB4: =AND(_xlfn.ISFORMULA(C4),IFERROR(ROUND(C4,4)=ROUND(AA4,4),EXACT(C4,AA4)))
A5: 박소율 | B5: 제출 | C5: 0 | H5: ① C2 의 0 을 지우고 수식을 넣습니다. ② 채우기 핸들(칸 오른쪽 아래 ■)을 C6 까지 끌어내립니다. | AA5: =IF(NOT(B5="제출"),"독촉","") | AB5: =AND(_xlfn.ISFORMULA(C5),IFERROR(ROUND(C5,4)=ROUND(AA5,4),EXACT(C5,AA5)))
A6: 최건우 | B6: 지각제출 | C6: 0 | AA6: =IF(NOT(B6="제출"),"독촉","") | AB6: =AND(_xlfn.ISFORMULA(C6),IFERROR(ROUND(C6,4)=ROUND(AA6,4),EXACT(C6,AA6)))
H7: 채점 | I7: =IF(NOT(_xlfn.ISFORMULA(C2)),"↖ 0 지우고 수식",IF(COUNTIF(AB2:AB6,TRUE)=5,"✔ 맞음","✘ 다시 ("&COUNTIF(AB2:AB6,TRUE)&" / 5칸)"))
H8: 칸마다 따로 채점합니다. 첫 칸만 맞고 아래가 틀리면 — 끌어내릴 때 움직이면 안 되는 주소에 $ 가 있는지 보세요.
H11: 💡 막히면: NOT(조건)은 참·거짓을 뒤집습니다.

Sheet 08 평균으로 통과 여부
A1: 이름 | B1: 중간 | C1: 기말 | D1: 평균 | E1: 판정 | H1: 8번 · 평균으로 통과 여부
A2: 김하늘 | B2: 78 | C2: 86 | D2: 82 | E2: 0 | H2: 평균[D2:D7]이 80 이상이면 "통과", 아니면 "재시험"을 [E2:E7]에 표시하시오. | AA2: =IF(D2>=80,"통과","재시험") | AB2: =AND(_xlfn.ISFORMULA(E2),IFERROR(ROUND(E2,4)=ROUND(AA2,4),EXACT(E2,AA2)))
A3: 이바다 | B3: 70 | C3: 90 | D3: 80 | E3: 0 | AA3: =IF(D3>=80,"통과","재시험") | AB3: =AND(_xlfn.ISFORMULA(E3),IFERROR(ROUND(E3,4)=ROUND(AA3,4),EXACT(E3,AA3)))
A4: 박구름 | B4: 72 | C4: 75 | D4: 73.5 | E4: 0 | AA4: =IF(D4>=80,"통과","재시험") | AB4: =AND(_xlfn.ISFORMULA(E4),IFERROR(ROUND(E4,4)=ROUND(AA4,4),EXACT(E4,AA4)))
A5: 최나무 | B5: 95 | C5: 88 | D5: 91.5 | E5: 0 | H5: ① E2 의 0 을 지우고 수식을 넣습니다. ② 채우기 핸들(칸 오른쪽 아래 ■)을 E7 까지 끌어내립니다. | AA5: =IF(D5>=80,"통과","재시험") | AB5: =AND(_xlfn.ISFORMULA(E5),IFERROR(ROUND(E5,4)=ROUND(AA5,4),EXACT(E5,AA5)))
A6: 정새벽 | B6: 81 | C6: 78 | D6: 79.5 | E6: 0 | AA6: =IF(D6>=80,"통과","재시험") | AB6: =AND(_xlfn.ISFORMULA(E6),IFERROR(ROUND(E6,4)=ROUND(AA6,4),EXACT(E6,AA6)))
A7: 한가람 | B7: 60 | C7: 64 | D7: 62 | E7: 0 | H7: 채점 | I7: =IF(NOT(_xlfn.ISFORMULA(E2)),"↖ 0 지우고 수식",IF(COUNTIF(AB2:AB7,TRUE)=6,"✔ 맞음","✘ 다시 ("&COUNTIF(AB2:AB7,TRUE)&" / 6칸)")) | AA7: =IF(D7>=80,"통과","재시험") | AB7: =AND(_xlfn.ISFORMULA(E7),IFERROR(ROUND(E7,4)=ROUND(AA7,4),EXACT(E7,AA7)))
H8: 칸마다 따로 채점합니다. 첫 칸만 맞고 아래가 틀리면 — 끌어내릴 때 움직이면 안 되는 주소에 $ 가 있는지 보세요.
H11: 💡 막히면: IF(조건, 참일 때, 거짓일 때)

Sheet 09 둘 다 만족해야 장학생
A1: 이름 | B1: 성적 | C1: 봉사 | D1: 장학 | H1: 9번 · 둘 다 만족해야 장학생
A2: 박구름 | B2: 92 | C2: 20 | D2: 0 | H2: 성적[B2:B6]이 90 이상이면서 봉사[C2:C6]가 15 이상이면 "장학생", 아니면 공백("")을 [D2:D6]에 표시하시오. | AA2: =IF(AND(B2>=90,C2>=15),"장학생","") | AB2: =AND(_xlfn.ISFORMULA(D2),IFERROR(ROUND(D2,4)=ROUND(AA2,4),EXACT(D2,AA2)))
A3: 김샛별 | B3: 95 | C3: 10 | D3: 0 | AA3: =IF(AND(B3>=90,C3>=15),"장학생","") | AB3: =AND(_xlfn.ISFORMULA(D3),IFERROR(ROUND(D3,4)=ROUND(AA3,4),EXACT(D3,AA3)))
A4: 이하람 | B4: 90 | C4: 15 | D4: 0 | AA4: =IF(AND(B4>=90,C4>=15),"장학생","") | AB4: =AND(_xlfn.ISFORMULA(D4),IFERROR(ROUND(D4,4)=ROUND(AA4,4),EXACT(D4,AA4)))
A5: 최보라 | B5: 88 | C5: 30 | D5: 0 | H5: ① D2 의 0 을 지우고 수식을 넣습니다. ② 채우기 핸들(칸 오른쪽 아래 ■)을 D6 까지 끌어내립니다. | AA5: =IF(AND(B5>=90,C5>=15),"장학생","") | AB5: =AND(_xlfn.ISFORMULA(D5),IFERROR(ROUND(D5,4)=ROUND(AA5,4),EXACT(D5,AA5)))
A6: 정우진 | B6: 97 | C6: 16 | D6: 0 | AA6: =IF(AND(B6>=90,C6>=15),"장학생","") | AB6: =AND(_xlfn.ISFORMULA(D6),IFERROR(ROUND(D6,4)=ROUND(AA6,4),EXACT(D6,AA6)))
H7: 채점 | I7: =IF(NOT(_xlfn.ISFORMULA(D2)),"↖ 0 지우고 수식",IF(COUNTIF(AB2:AB6,TRUE)=5,"✔ 맞음","✘ 다시 ("&COUNTIF(AB2:AB6,TRUE)&" / 5칸)"))
H8: 칸마다 따로 채점합니다. 첫 칸만 맞고 아래가 틀리면 — 끌어내릴 때 움직이면 안 되는 주소에 $ 가 있는지 보세요.
H11: 💡 막히면: 두 조건을 모두 만족해야 하므로 AND를 씁니다.

Sheet 10 3단계 등급 나누기
A1: 제품 | B1: 판매량 | C1: 평가 | H1: 10번 · 3단계 등급 나누기
A2: 모니터 | B2: 320 | C2: 0 | H2: 판매량[B2:B7]이 500 이상이면 "최우수", 300 이상이면 "우수", 그 외는 "보통"을 [C2:C7]에 표시하시오. | AA2: =IF(B2>=500,"최우수",IF(B2>=300,"우수","보통")) | AB2: =AND(_xlfn.ISFORMULA(C2),IFERROR(ROUND(C2,4)=ROUND(AA2,4),EXACT(C2,AA2)))
A3: 키보드 | B3: 500 | C3: 0 | AA3: =IF(B3>=500,"최우수",IF(B3>=300,"우수","보통")) | AB3: =AND(_xlfn.ISFORMULA(C3),IFERROR(ROUND(C3,4)=ROUND(AA3,4),EXACT(C3,AA3)))
A4: 마우스 | B4: 299 | C4: 0 | AA4: =IF(B4>=500,"최우수",IF(B4>=300,"우수","보통")) | AB4: =AND(_xlfn.ISFORMULA(C4),IFERROR(ROUND(C4,4)=ROUND(AA4,4),EXACT(C4,AA4)))
A5: 스피커 | B5: 620 | C5: 0 | H5: ① C2 의 0 을 지우고 수식을 넣습니다. ② 채우기 핸들(칸 오른쪽 아래 ■)을 C7 까지 끌어내립니다. | AA5: =IF(B5>=500,"최우수",IF(B5>=300,"우수","보통")) | AB5: =AND(_xlfn.ISFORMULA(C5),IFERROR(ROUND(C5,4)=ROUND(AA5,4),EXACT(C5,AA5)))
A6: 프린터 | B6: 300 | C6: 0 | AA6: =IF(B6>=500,"최우수",IF(B6>=300,"우수","보통")) | AB6: =AND(_xlfn.ISFORMULA(C6),IFERROR(ROUND(C6,4)=ROUND(AA6,4),EXACT(C6,AA6)))
A7: 웹캠 | B7: 150 | C7: 0 | H7: 채점 | I7: =IF(NOT(_xlfn.ISFORMULA(C2)),"↖ 0 지우고 수식",IF(COUNTIF(AB2:AB7,TRUE)=6,"✔ 맞음","✘ 다시 ("&COUNTIF(AB2:AB7,TRUE)&" / 6칸)")) | AA7: =IF(B7>=500,"최우수",IF(B7>=300,"우수","보통")) | AB7: =AND(_xlfn.ISFORMULA(C7),IFERROR(ROUND(C7,4)=ROUND(AA7,4),EXACT(C7,AA7)))
H8: 칸마다 따로 채점합니다. 첫 칸만 맞고 아래가 틀리면 — 끌어내릴 때 움직이면 안 되는 주소에 $ 가 있는지 보세요.
H11: 💡 막히면: 큰 조건부터 차례로 중첩합니다.

Sheet 11 목표량 칸을 기준으로 판정
A1: 라인 | B1: 생산량 | C1: 판정 | H1: 11번 · 목표량 칸을 기준으로 판정
A2: A | B2: 512 | C2: 0 | H2: 생산량[B2:B7]이 목표량[B9] 이상이면 "달성", 아니면 "미달"을 [C2:C7]에 표시하시오. (목표량은 [B9] 칸을 참조) | AA2: =IF(B2>=$B$9,"달성","미달") | AB2: =AND(_xlfn.ISFORMULA(C2),IFERROR(ROUND(C2,4)=ROUND(AA2,4),EXACT(C2,AA2)))
A3: B | B3: 476 | C3: 0 | AA3: =IF(B3>=$B$9,"달성","미달") | AB3: =AND(_xlfn.ISFORMULA(C3),IFERROR(ROUND(C3,4)=ROUND(AA3,4),EXACT(C3,AA3)))
A4: C | B4: 500 | C4: 0 | AA4: =IF(B4>=$B$9,"달성","미달") | AB4: =AND(_xlfn.ISFORMULA(C4),IFERROR(ROUND(C4,4)=ROUND(AA4,4),EXACT(C4,AA4)))
A5: D | B5: 388 | C5: 0 | H5: ① C2 의 0 을 지우고 수식을 넣습니다. ② 채우기 핸들(칸 오른쪽 아래 ■)을 C7 까지 끌어내립니다. | AA5: =IF(B5>=$B$9,"달성","미달") | AB5: =AND(_xlfn.ISFORMULA(C5),IFERROR(ROUND(C5,4)=ROUND(AA5,4),EXACT(C5,AA5)))
A6: E | B6: 545 | C6: 0 | AA6: =IF(B6>=$B$9,"달성","미달") | AB6: =AND(_xlfn.ISFORMULA(C6),IFERROR(ROUND(C6,4)=ROUND(AA6,4),EXACT(C6,AA6)))
A7: F | B7: 499 | C7: 0 | H7: 채점 | I7: =IF(NOT(_xlfn.ISFORMULA(C2)),"↖ 0 지우고 수식",IF(COUNTIF(AB2:AB7,TRUE)=6,"✔ 맞음","✘ 다시 ("&COUNTIF(AB2:AB7,TRUE)&" / 6칸)")) | AA7: =IF(B7>=$B$9,"달성","미달") | AB7: =AND(_xlfn.ISFORMULA(C7),IFERROR(ROUND(C7,4)=ROUND(AA7,4),EXACT(C7,AA7)))
H8: 칸마다 따로 채점합니다. 첫 칸만 맞고 아래가 틀리면 — 끌어내릴 때 움직이면 안 되는 주소에 $ 가 있는지 보세요.
A9: 목표량 | B9: 500
H11: 💡 막히면: 끌어내리면 B9 도 B10, B11 … 로 따라 내려갑니다. 움직이면 안 되는 칸은 F4 로 고정하세요.

Sheet 정답
A1: 정답 — 먼저 스스로 풀어 본 뒤에 보세요
A2: [넣을 칸] 의 첫 칸에 이 수식을 넣고, 칸이 여러 개면 끝까지 끌어내리면 됩니다.
A4: 번호 | B4: 문제 | C4: 넣을 칸 | D4: 모범답안 (첫 칸) | E4: 힌트
A5: 1 | B5: 합격/불합격 판정 | C5: E2:E7 | D5: =IF(D2>=160,"합격","불합격") | E5: IF(조건, 참일 때, 거짓일 때). 문자는 "큰따옴표"로 감쌉니다.
A6: 2 | B6: AND로 우수 판정 | C6: D2:D6 | D6: =IF(AND(B2>=80,C2>=80),"우수","") | E6: AND(조건1, 조건2)는 조건이 모두 참일 때만 TRUE입니다.
A7: 3 | B7: OR로 통과 판정 | C7: D2:D7 | D7: =IF(OR(B2>=15,C2>=8),"통과","미달") | E7: OR(조건1, 조건2)는 하나라도 참이면 TRUE입니다.
A8: 4 | B8: IF 중첩으로 등급 | C8: C2:C7 | D8: =IF(B2>=90,"A",IF(B2>=80,"B","C")) | E8: 큰 조건부터 차례로 씁니다. IF( , , IF( , , ))
A9: 5 | B9: 짝수/홀수 구분 | C9: B2:B7 | D9: =IF(MOD(A2,2)=0,"짝","홀") | E9: MOD(수,2)의 나머지가 0이면 짝수입니다.
A10: 6 | B10: 오류를 하이픈으로 | C10: D2:D6 | D10: =IFERROR(ROUND(C2/B2*100,0),"-") | E10: IFERROR(수식, 오류일 때 표시할 값)
A11: 7 | B11: NOT으로 반대 조건 | C11: C2:C6 | D11: =IF(NOT(B2="제출"),"독촉","") | E11: NOT(조건)은 참·거짓을 뒤집습니다.
A12: 8 | B12: 평균으로 통과 여부 | C12: E2:E7 | D12: =IF(D2>=80,"통과","재시험") | E12: IF(조건, 참일 때, 거짓일 때)
A13: 9 | B13: 둘 다 만족해야 장학생 | C13: D2:D6 | D13: =IF(AND(B2>=90,C2>=15),"장학생","") | E13: 두 조건을 모두 만족해야 하므로 AND를 씁니다.
A14: 10 | B14: 3단계 등급 나누기 | C14: C2:C7 | D14: =IF(B2>=500,"최우수",IF(B2>=300,"우수","보통")) | E14: 큰 조건부터 차례로 중첩합니다.
A15: 11 | B15: 목표량 칸을 기준으로 판정 | C15: C2:C7 | D15: =IF(B2>=$B$9,"달성","미달") | E15: 끌어내리면 B9 도 B10, B11 … 로 따라 내려갑니다. 움직이면 안 되는 칸은 F4 로 고정하세요.
