Workbook

Sheet 읽어보기
B2: 컴활 2급 실기 · 함수 연습 — 찾기참조 (10문제)
B3: 웹 「함수 연습소」의 [찾기·참조] 범위와 똑같은 문제입니다. 번호도, 표도, 칸 주소도 같습니다.
B4: 웹에서는 한 문제씩, 여기서는 진짜 엑셀로 한꺼번에 풀어 봅니다.
B5: 푸는 법
B6: ① 아래 시트 탭(01, 02 …)이 문제 하나씩입니다. 오른쪽에 문제가 적혀 있습니다.
B7: ② 노란 칸의 0 을 지우고 = 로 시작하는 수식을 넣습니다.
B8: ③ 노란 칸이 여러 줄이면 — 첫 칸에만 수식을 넣고, 채우기 핸들(칸 오른쪽 아래 ■)을 마지막 노란 칸까지 끌어내립니다.
B9: ④ 오른쪽 [채점] 칸이 ✔ 맞음 / ✘ 다시 로 스스로 바뀝니다. 수식이 달라도 결과가 같으면 맞음입니다.
B10: ⑤ [채점표] 시트에서 전체 진행 상황을, 맨 끝 [정답] 시트에서 모범답안을 볼 수 있습니다.
B11: 사람마다 결과가 달라야 정상입니다. 첫 칸은 맞았는데 아래 칸이 틀린다면, 끌어내리면서 범위나 기준 칸도 같이 내려간 것입니다 — 움직이면 안 되는 주소에 F4 로 $ 를 붙이세요.
B12: 값이 안 바뀌어 보이면 Ctrl + Alt + F9 (전체 다시 계산). 숫자를 손으로 적으면 맞음이 나오지 않습니다.

Sheet 채점표
A1: 채점표 — 찾기참조 10문제
A3: 번호 | B3: 문제 | C3: 넣을 칸 | D3: 채점
A4: 1 | B4: VLOOKUP 정확히 일치 | C4: E2 → E6 | D4: ='01 VLOOKUP 정확히 일치'!I7
A5: 2 | B5: VLOOKUP 구간별 등급 | C5: C2 → C7 | D5: ='02 VLOOKUP 구간별 등급'!I7
A6: 3 | B6: HLOOKUP 가로 조회 | C6: D4 | D6: ='03 HLOOKUP 가로 조회'!I6
A7: 4 | B7: INDEX + MATCH | C7: B6 | D7: ='04 INDEX + MATCH'!I6
A8: 5 | B8: CHOOSE로 요일 표시 | C8: B2 → B7 | D8: ='05 CHOOSE로 요일 표시'!I7
A9: 6 | B9: 날짜의 요일 표시 | C9: B2 → B7 | D9: ='06 날짜의 요일 표시'!I7
A10: 7 | B10: VLOOKUP으로 단가 찾기 | C10: C6 | D10: ='07 VLOOKUP으로 단가 찾기'!I6
A11: 8 | B11: VLOOKUP 구간으로 등급 | C11: B7 | D11: ='08 VLOOKUP 구간으로 등급'!I6
A12: 9 | B12: MATCH로 몇 번째인지 | C12: A6 | D12: ='09 MATCH로 몇 번째인지'!I6
A13: 10 | B13: CHOOSE로 요일 이름 | C13: B2 → B7 | D13: ='10 CHOOSE로 요일 이름'!I7
B15: 맞은 문제 | D15: =COUNTIF(D4:D13,"*맞음*")&" / 10"

Sheet 01 VLOOKUP 정확히 일치
A1: 사번 | B1: 이름 | D1: 찾을 사번 | E1: 이름 | H1: 1번 · VLOOKUP 정확히 일치
A2: A01 | B2: 김하늘 | D2: A03 | E2: 0 | H2: 찾을 사번[D2:D6]으로 [A2:B5]에서 정확히 일치하는 이름을 찾아 [E2:E6]에 표시하시오. (찾을 범위는 끌어내려도 움직이지 않아야 합니다) | AA2: =VLOOKUP(D2,$A$2:$B$5,2,FALSE) | AB2: =AND(_xlfn.ISFORMULA(E2),IFERROR(ROUND(E2,4)=ROUND(AA2,4),EXACT(E2,AA2)))
A3: A02 | B3: 이바다 | D3: A01 | E3: 0 | AA3: =VLOOKUP(D3,$A$2:$B$5,2,FALSE) | AB3: =AND(_xlfn.ISFORMULA(E3),IFERROR(ROUND(E3,4)=ROUND(AA3,4),EXACT(E3,AA3)))
A4: A03 | B4: 박구름 | D4: A04 | E4: 0 | AA4: =VLOOKUP(D4,$A$2:$B$5,2,FALSE) | AB4: =AND(_xlfn.ISFORMULA(E4),IFERROR(ROUND(E4,4)=ROUND(AA4,4),EXACT(E4,AA4)))
A5: A04 | B5: 최별 | D5: A02 | E5: 0 | H5: ① E2 의 0 을 지우고 수식을 넣습니다. ② 채우기 핸들(칸 오른쪽 아래 ■)을 E6 까지 끌어내립니다. | AA5: =VLOOKUP(D5,$A$2:$B$5,2,FALSE) | AB5: =AND(_xlfn.ISFORMULA(E5),IFERROR(ROUND(E5,4)=ROUND(AA5,4),EXACT(E5,AA5)))
D6: A03 | E6: 0 | AA6: =VLOOKUP(D6,$A$2:$B$5,2,FALSE) | AB6: =AND(_xlfn.ISFORMULA(E6),IFERROR(ROUND(E6,4)=ROUND(AA6,4),EXACT(E6,AA6)))
H7: 채점 | I7: =IF(NOT(_xlfn.ISFORMULA(E2)),"↖ 0 지우고 수식",IF(COUNTIF(AB2:AB6,TRUE)=5,"✔ 맞음","✘ 다시 ("&COUNTIF(AB2:AB6,TRUE)&" / 5칸)"))
H8: 칸마다 따로 채점합니다. 첫 칸만 맞고 아래가 틀리면 — 끌어내릴 때 움직이면 안 되는 주소에 $ 가 있는지 보세요.
H11: 💡 막히면: VLOOKUP(찾을값, $범위$, 열번호, FALSE)

Sheet 02 VLOOKUP 구간별 등급
A1: 이름 | B1: 점수 | C1: 등급 | E1: 기준점수 | F1: 등급 | H1: 2번 · VLOOKUP 구간별 등급
A2: 김하나 | B2: 78 | C2: 0 | E2: 0 | F2: D | H2: 점수[B2:B7]를 기준표[E2:F5]에서 찾아 구간에 해당하는 등급을 [C2:C7]에 표시하시오. (근사값 조회) | AA2: =VLOOKUP(B2,$E$2:$F$5,2,TRUE) | AB2: =AND(_xlfn.ISFORMULA(C2),IFERROR(ROUND(C2,4)=ROUND(AA2,4),EXACT(C2,AA2)))
A3: 이두리 | B3: 90 | C3: 0 | E3: 60 | F3: C | AA3: =VLOOKUP(B3,$E$2:$F$5,2,TRUE) | AB3: =AND(_xlfn.ISFORMULA(C3),IFERROR(ROUND(C3,4)=ROUND(AA3,4),EXACT(C3,AA3)))
A4: 박세찬 | B4: 59 | C4: 0 | E4: 70 | F4: B | AA4: =VLOOKUP(B4,$E$2:$F$5,2,TRUE) | AB4: =AND(_xlfn.ISFORMULA(C4),IFERROR(ROUND(C4,4)=ROUND(AA4,4),EXACT(C4,AA4)))
A5: 최가온 | B5: 70 | C5: 0 | E5: 90 | F5: A | H5: ① C2 의 0 을 지우고 수식을 넣습니다. ② 채우기 핸들(칸 오른쪽 아래 ■)을 C7 까지 끌어내립니다. | AA5: =VLOOKUP(B5,$E$2:$F$5,2,TRUE) | AB5: =AND(_xlfn.ISFORMULA(C5),IFERROR(ROUND(C5,4)=ROUND(AA5,4),EXACT(C5,AA5)))
A6: 정바름 | B6: 100 | C6: 0 | AA6: =VLOOKUP(B6,$E$2:$F$5,2,TRUE) | AB6: =AND(_xlfn.ISFORMULA(C6),IFERROR(ROUND(C6,4)=ROUND(AA6,4),EXACT(C6,AA6)))
A7: 한누리 | B7: 69 | C7: 0 | H7: 채점 | I7: =IF(NOT(_xlfn.ISFORMULA(C2)),"↖ 0 지우고 수식",IF(COUNTIF(AB2:AB7,TRUE)=6,"✔ 맞음","✘ 다시 ("&COUNTIF(AB2:AB7,TRUE)&" / 6칸)")) | AA7: =VLOOKUP(B7,$E$2:$F$5,2,TRUE) | AB7: =AND(_xlfn.ISFORMULA(C7),IFERROR(ROUND(C7,4)=ROUND(AA7,4),EXACT(C7,AA7)))
H8: 칸마다 따로 채점합니다. 첫 칸만 맞고 아래가 틀리면 — 끌어내릴 때 움직이면 안 되는 주소에 $ 가 있는지 보세요.
H11: 💡 막히면: 기준표가 오름차순일 때 네 번째 인수를 TRUE(또는 생략)로 두면 구간 조회가 됩니다.

Sheet 03 HLOOKUP 가로 조회
A1: 구분 | B1: 1월 | C1: 2월 | D1: 3월 | E1: 4월 | H1: 3번 · HLOOKUP 가로 조회
A2: 매출 | B2: 120 | C2: 150 | D2: 180 | E2: 200 | H2: 조회월[B4]을 [A1:E2]의 첫 행에서 정확히 찾아 같은 열의 2행 값을 [D4]에 표시하시오.
A4: 조회월 | B4: 3월 | C4: 매출 | D4: 0 | AA4: =HLOOKUP(B4,$A$1:$E$2,2,FALSE) | AB4: =AND(_xlfn.ISFORMULA(D4),IFERROR(ROUND(D4,4)=ROUND(AA4,4),EXACT(D4,AA4)))
H5: D4 의 0 을 지우고 수식을 넣습니다.
H6: 채점 | I6: =IF(NOT(_xlfn.ISFORMULA(D4)),"↖ 0 지우고 수식",IF(COUNTIF(AB4:AB4,TRUE)=1,"✔ 맞음","✘ 다시"))
H8: 💡 막히면: HLOOKUP(찾을값, $범위$, 행번호, FALSE)

Sheet 04 INDEX + MATCH
A1: 제품 | B1: 가격 | H1: 4번 · INDEX + MATCH
A2: 키보드 | B2: 25000 | H2: 찾을 제품[B5]의 가격을 [B2:B4]에서 찾아 [B6]에 표시하시오. (INDEX와 MATCH를 함께 사용)
A3: 마우스 | B3: 18000
A4: 모니터 | B4: 210000
A5: 찾을 제품 | B5: 마우스 | H5: B6 의 0 을 지우고 수식을 넣습니다.
A6: 조회 가격 | B6: 0 | H6: 채점 | I6: =IF(NOT(_xlfn.ISFORMULA(B6)),"↖ 0 지우고 수식",IF(COUNTIF(AB6:AB6,TRUE)=1,"✔ 맞음","✘ 다시")) | AA6: =INDEX(B2:B4,MATCH(B5,A2:A4,0)) | AB6: =AND(_xlfn.ISFORMULA(B6),IFERROR(ROUND(B6,4)=ROUND(AA6,4),EXACT(B6,AA6)))
H8: 💡 막히면: MATCH로 몇 번째인지 찾고, INDEX로 그 위치의 값을 가져옵니다.

Sheet 05 CHOOSE로 요일 표시
A1: 번호 | B1: 요일 | H1: 5번 · CHOOSE로 요일 표시
A2: 3 | B2: 0 | H2: 번호[A2:A7]가 1이면 "월", 2면 "화", 3이면 "수"가 되도록 [B2:B7]에 표시하시오. | AA2: =CHOOSE(A2,"월","화","수") | AB2: =AND(_xlfn.ISFORMULA(B2),IFERROR(ROUND(B2,4)=ROUND(AA2,4),EXACT(B2,AA2)))
A3: 1 | B3: 0 | AA3: =CHOOSE(A3,"월","화","수") | AB3: =AND(_xlfn.ISFORMULA(B3),IFERROR(ROUND(B3,4)=ROUND(AA3,4),EXACT(B3,AA3)))
A4: 2 | B4: 0 | AA4: =CHOOSE(A4,"월","화","수") | AB4: =AND(_xlfn.ISFORMULA(B4),IFERROR(ROUND(B4,4)=ROUND(AA4,4),EXACT(B4,AA4)))
A5: 3 | B5: 0 | H5: ① B2 의 0 을 지우고 수식을 넣습니다. ② 채우기 핸들(칸 오른쪽 아래 ■)을 B7 까지 끌어내립니다. | AA5: =CHOOSE(A5,"월","화","수") | AB5: =AND(_xlfn.ISFORMULA(B5),IFERROR(ROUND(B5,4)=ROUND(AA5,4),EXACT(B5,AA5)))
A6: 2 | B6: 0 | AA6: =CHOOSE(A6,"월","화","수") | AB6: =AND(_xlfn.ISFORMULA(B6),IFERROR(ROUND(B6,4)=ROUND(AA6,4),EXACT(B6,AA6)))
A7: 1 | B7: 0 | H7: 채점 | I7: =IF(NOT(_xlfn.ISFORMULA(B2)),"↖ 0 지우고 수식",IF(COUNTIF(AB2:AB7,TRUE)=6,"✔ 맞음","✘ 다시 ("&COUNTIF(AB2:AB7,TRUE)&" / 6칸)")) | AA7: =CHOOSE(A7,"월","화","수") | AB7: =AND(_xlfn.ISFORMULA(B7),IFERROR(ROUND(B7,4)=ROUND(AA7,4),EXACT(B7,AA7)))
H8: 칸마다 따로 채점합니다. 첫 칸만 맞고 아래가 틀리면 — 끌어내릴 때 움직이면 안 되는 주소에 $ 가 있는지 보세요.
H11: 💡 막히면: CHOOSE(번호, 값1, 값2, 값3 …)

Sheet 06 날짜의 요일 표시
A1: 날짜 | B1: 요일 | H1: 6번 · 날짜의 요일 표시
A2: 45489 | B2: 0 | H2: 날짜[A2:A7]의 요일을 "월"~"일"로 [B2:B7]에 표시하시오. (WEEKDAY 두 번째 인수 2 사용: 월=1 … 일=7) | AA2: =CHOOSE(WEEKDAY(A2,2),"월","화","수","목","금","토","일") | AB2: =AND(_xlfn.ISFORMULA(B2),IFERROR(ROUND(B2,4)=ROUND(AA2,4),EXACT(B2,AA2)))
A3: 45493 | B3: 0 | AA3: =CHOOSE(WEEKDAY(A3,2),"월","화","수","목","금","토","일") | AB3: =AND(_xlfn.ISFORMULA(B3),IFERROR(ROUND(B3,4)=ROUND(AA3,4),EXACT(B3,AA3)))
A4: 45494 | B4: 0 | AA4: =CHOOSE(WEEKDAY(A4,2),"월","화","수","목","금","토","일") | AB4: =AND(_xlfn.ISFORMULA(B4),IFERROR(ROUND(B4,4)=ROUND(AA4,4),EXACT(B4,AA4)))
A5: 45488 | B5: 0 | H5: ① B2 의 0 을 지우고 수식을 넣습니다. ② 채우기 핸들(칸 오른쪽 아래 ■)을 B7 까지 끌어내립니다. | AA5: =CHOOSE(WEEKDAY(A5,2),"월","화","수","목","금","토","일") | AB5: =AND(_xlfn.ISFORMULA(B5),IFERROR(ROUND(B5,4)=ROUND(AA5,4),EXACT(B5,AA5)))
A6: 45491 | B6: 0 | AA6: =CHOOSE(WEEKDAY(A6,2),"월","화","수","목","금","토","일") | AB6: =AND(_xlfn.ISFORMULA(B6),IFERROR(ROUND(B6,4)=ROUND(AA6,4),EXACT(B6,AA6)))
A7: 45492 | B7: 0 | H7: 채점 | I7: =IF(NOT(_xlfn.ISFORMULA(B2)),"↖ 0 지우고 수식",IF(COUNTIF(AB2:AB7,TRUE)=6,"✔ 맞음","✘ 다시 ("&COUNTIF(AB2:AB7,TRUE)&" / 6칸)")) | AA7: =CHOOSE(WEEKDAY(A7,2),"월","화","수","목","금","토","일") | AB7: =AND(_xlfn.ISFORMULA(B7),IFERROR(ROUND(B7,4)=ROUND(AA7,4),EXACT(B7,AA7)))
H8: 칸마다 따로 채점합니다. 첫 칸만 맞고 아래가 틀리면 — 끌어내릴 때 움직이면 안 되는 주소에 $ 가 있는지 보세요.
H11: 💡 막히면: WEEKDAY로 1~7 숫자를 만들고 CHOOSE로 글자를 고릅니다.

Sheet 07 VLOOKUP으로 단가 찾기
A1: 코드 | B1: 제품 | C1: 단가 | H1: 7번 · VLOOKUP으로 단가 찾기
A2: A1 | B2: 노트북 | C2: 1200 | H2: 코드 [A6](A3)에 해당하는 단가를 표[A2:C4]에서 찾아 [C6]에 구하시오. (정확히 일치)
A3: A2 | B3: 마우스 | C3: 20
A4: A3 | B4: 모니터 | C4: 300
H5: C6 의 0 을 지우고 수식을 넣습니다.
A6: A3 | C6: 0 | H6: 채점 | I6: =IF(NOT(_xlfn.ISFORMULA(C6)),"↖ 0 지우고 수식",IF(COUNTIF(AB6:AB6,TRUE)=1,"✔ 맞음","✘ 다시")) | AA6: =VLOOKUP(A6,A2:C4,3,0) | AB6: =AND(_xlfn.ISFORMULA(C6),IFERROR(ROUND(C6,4)=ROUND(AA6,4),EXACT(C6,AA6)))
H8: 💡 막히면: VLOOKUP(찾을값, 표, 몇 번째 열, 0) · 0은 정확히 일치

Sheet 08 VLOOKUP 구간으로 등급
A1: 하한 | B1: 등급 | H1: 8번 · VLOOKUP 구간으로 등급
A2: 0 | B2: D | H2: 점수 [A7](83)의 등급을 구간표[A2:B5]에서 찾아 [B7]에 표시하시오.
A3: 60 | B3: C
A4: 80 | B4: B
A5: 90 | B5: A | H5: B7 의 0 을 지우고 수식을 넣습니다.
H6: 채점 | I6: =IF(NOT(_xlfn.ISFORMULA(B7)),"↖ 0 지우고 수식",IF(COUNTIF(AB7:AB7,TRUE)=1,"✔ 맞음","✘ 다시"))
A7: 83 | B7: 0 | AA7: =VLOOKUP(A7,A2:B5,2) | AB7: =AND(_xlfn.ISFORMULA(B7),IFERROR(ROUND(B7,4)=ROUND(AA7,4),EXACT(B7,AA7)))
H8: 💡 막히면: 마지막 인수를 생략하거나 TRUE면 구간(근사값)으로 찾습니다.

Sheet 09 MATCH로 몇 번째인지
A1: 이름 | H1: 9번 · MATCH로 몇 번째인지
A2: 김하늘 | H2: "박구름"이 이름[A2:A5]에서 몇 번째인지 [A6]에 구하시오.
A3: 이바다
A4: 박구름
A5: 최나무 | H5: A6 의 0 을 지우고 수식을 넣습니다.
A6: 0 | H6: 채점 | I6: =IF(NOT(_xlfn.ISFORMULA(A6)),"↖ 0 지우고 수식",IF(COUNTIF(AB6:AB6,TRUE)=1,"✔ 맞음","✘ 다시")) | AA6: =MATCH("박구름",A2:A5,0) | AB6: =AND(_xlfn.ISFORMULA(A6),IFERROR(ROUND(A6,4)=ROUND(AA6,4),EXACT(A6,AA6)))
H8: 💡 막히면: MATCH(찾을값, 범위, 0) — 0은 정확히 일치

Sheet 10 CHOOSE로 요일 이름
A1: 요일번호 | B1: 요일 | H1: 10번 · CHOOSE로 요일 이름
A2: 3 | B2: 0 | H2: 요일번호[A2:A7]가 1이면 "월", 2면 "화", 3이면 "수", 4면 "목", 5면 "금"이 되도록 [B2:B7]에 표시하시오. | AA2: =CHOOSE(A2,"월","화","수","목","금") | AB2: =AND(_xlfn.ISFORMULA(B2),IFERROR(ROUND(B2,4)=ROUND(AA2,4),EXACT(B2,AA2)))
A3: 1 | B3: 0 | AA3: =CHOOSE(A3,"월","화","수","목","금") | AB3: =AND(_xlfn.ISFORMULA(B3),IFERROR(ROUND(B3,4)=ROUND(AA3,4),EXACT(B3,AA3)))
A4: 5 | B4: 0 | AA4: =CHOOSE(A4,"월","화","수","목","금") | AB4: =AND(_xlfn.ISFORMULA(B4),IFERROR(ROUND(B4,4)=ROUND(AA4,4),EXACT(B4,AA4)))
A5: 2 | B5: 0 | H5: ① B2 의 0 을 지우고 수식을 넣습니다. ② 채우기 핸들(칸 오른쪽 아래 ■)을 B7 까지 끌어내립니다. | AA5: =CHOOSE(A5,"월","화","수","목","금") | AB5: =AND(_xlfn.ISFORMULA(B5),IFERROR(ROUND(B5,4)=ROUND(AA5,4),EXACT(B5,AA5)))
A6: 4 | B6: 0 | AA6: =CHOOSE(A6,"월","화","수","목","금") | AB6: =AND(_xlfn.ISFORMULA(B6),IFERROR(ROUND(B6,4)=ROUND(AA6,4),EXACT(B6,AA6)))
A7: 3 | B7: 0 | H7: 채점 | I7: =IF(NOT(_xlfn.ISFORMULA(B2)),"↖ 0 지우고 수식",IF(COUNTIF(AB2:AB7,TRUE)=6,"✔ 맞음","✘ 다시 ("&COUNTIF(AB2:AB7,TRUE)&" / 6칸)")) | AA7: =CHOOSE(A7,"월","화","수","목","금") | AB7: =AND(_xlfn.ISFORMULA(B7),IFERROR(ROUND(B7,4)=ROUND(AA7,4),EXACT(B7,AA7)))
H8: 칸마다 따로 채점합니다. 첫 칸만 맞고 아래가 틀리면 — 끌어내릴 때 움직이면 안 되는 주소에 $ 가 있는지 보세요.
H11: 💡 막히면: CHOOSE(번호, 1번값, 2번값 …)

Sheet 정답
A1: 정답 — 먼저 스스로 풀어 본 뒤에 보세요
A2: [넣을 칸] 의 첫 칸에 이 수식을 넣고, 칸이 여러 개면 끝까지 끌어내리면 됩니다.
A4: 번호 | B4: 문제 | C4: 넣을 칸 | D4: 모범답안 (첫 칸) | E4: 힌트
A5: 1 | B5: VLOOKUP 정확히 일치 | C5: E2:E6 | D5: =VLOOKUP(D2,$A$2:$B$5,2,FALSE) | E5: VLOOKUP(찾을값, $범위$, 열번호, FALSE)
A6: 2 | B6: VLOOKUP 구간별 등급 | C6: C2:C7 | D6: =VLOOKUP(B2,$E$2:$F$5,2,TRUE) | E6: 기준표가 오름차순일 때 네 번째 인수를 TRUE(또는 생략)로 두면 구간 조회가 됩니다.
A7: 3 | B7: HLOOKUP 가로 조회 | C7: D4 | D7: =HLOOKUP(B4,$A$1:$E$2,2,FALSE) | E7: HLOOKUP(찾을값, $범위$, 행번호, FALSE)
A8: 4 | B8: INDEX + MATCH | C8: B6 | D8: =INDEX(B2:B4,MATCH(B5,A2:A4,0)) | E8: MATCH로 몇 번째인지 찾고, INDEX로 그 위치의 값을 가져옵니다.
A9: 5 | B9: CHOOSE로 요일 표시 | C9: B2:B7 | D9: =CHOOSE(A2,"월","화","수") | E9: CHOOSE(번호, 값1, 값2, 값3 …)
A10: 6 | B10: 날짜의 요일 표시 | C10: B2:B7 | D10: =CHOOSE(WEEKDAY(A2,2),"월","화","수","목","금","토","일") | E10: WEEKDAY로 1~7 숫자를 만들고 CHOOSE로 글자를 고릅니다.
A11: 7 | B11: VLOOKUP으로 단가 찾기 | C11: C6 | D11: =VLOOKUP(A6,A2:C4,3,0) | E11: VLOOKUP(찾을값, 표, 몇 번째 열, 0) · 0은 정확히 일치
A12: 8 | B12: VLOOKUP 구간으로 등급 | C12: B7 | D12: =VLOOKUP(A7,A2:B5,2) | E12: 마지막 인수를 생략하거나 TRUE면 구간(근사값)으로 찾습니다.
A13: 9 | B13: MATCH로 몇 번째인지 | C13: A6 | D13: =MATCH("박구름",A2:A5,0) | E13: MATCH(찾을값, 범위, 0) — 0은 정확히 일치
A14: 10 | B14: CHOOSE로 요일 이름 | C14: B2:B7 | D14: =CHOOSE(A2,"월","화","수","목","금") | E14: CHOOSE(번호, 1번값, 2번값 …)
