Workbook

Sheet 읽어보기
B2: 컴활 2급 실기 · 함수 연습 — DB함수 (9문제)
B3: 웹 「함수 연습소」의 [데이터베이스] 범위와 똑같은 문제입니다. 번호도, 표도, 칸 주소도 같습니다.
B4: 웹에서는 한 문제씩, 여기서는 진짜 엑셀로 한꺼번에 풀어 봅니다.
B5: 푸는 법
B6: ① 아래 시트 탭(01, 02 …)이 문제 하나씩입니다. 오른쪽에 문제가 적혀 있습니다.
B7: ② 노란 칸의 0 을 지우고 = 로 시작하는 수식을 넣습니다.
B8: ③ 노란 칸이 여러 줄이면 — 첫 칸에만 수식을 넣고, 채우기 핸들(칸 오른쪽 아래 ■)을 마지막 노란 칸까지 끌어내립니다.
B9: ④ 오른쪽 [채점] 칸이 ✔ 맞음 / ✘ 다시 로 스스로 바뀝니다. 수식이 달라도 결과가 같으면 맞음입니다.
B10: ⑤ [채점표] 시트에서 전체 진행 상황을, 맨 끝 [정답] 시트에서 모범답안을 볼 수 있습니다.
B11: 사람마다 결과가 달라야 정상입니다. 첫 칸은 맞았는데 아래 칸이 틀린다면, 끌어내리면서 범위나 기준 칸도 같이 내려간 것입니다 — 움직이면 안 되는 주소에 F4 로 $ 를 붙이세요.
B12: 값이 안 바뀌어 보이면 Ctrl + Alt + F9 (전체 다시 계산). 숫자를 손으로 적으면 맞음이 나오지 않습니다.

Sheet 채점표
A1: 채점표 — DB함수 9문제
A3: 번호 | B3: 문제 | C3: 넣을 칸 | D3: 채점
A4: 1 | B4: DSUM 조건부 합계 | C4: D9 | D4: ='01 DSUM 조건부 합계'!I6
A5: 2 | B5: DAVERAGE 조건부 평균 | C5: D9 | D5: ='02 DAVERAGE 조건부 평균'!I6
A6: 3 | B6: DCOUNT 조건부 개수 | C6: D9 | D6: ='03 DCOUNT 조건부 개수'!I6
A7: 4 | B7: DMAX 조건부 최댓값 | C7: D9 | D7: ='04 DMAX 조건부 최댓값'!I6
A8: 5 | B8: DMIN 조건부 최솟값 | C8: D9 | D8: ='05 DMIN 조건부 최솟값'!I6
A9: 6 | B9: 필드명으로 지정하기 | C9: D9 | D9: ='06 필드명으로 지정하기'!I6
A10: 7 | B10: DSUM으로 부서 합계 | C10: C6 | D10: ='07 DSUM으로 부서 합계'!I6
A11: 8 | B11: DMIN으로 가장 낮은 값 | C11: C6 | D11: ='08 DMIN으로 가장 낮은 값'!I6
A12: 9 | B12: DCOUNT는 숫자만 센다 | C12: C6 | D12: ='09 DCOUNT는 숫자만 센다'!I6
B14: 맞은 문제 | D14: =COUNTIF(D4:D12,"*맞음*")&" / 9"

Sheet 01 DSUM 조건부 합계
A1: 사원 | B1: 부서 | C1: 직급 | D1: 실적 | H1: 1번 · DSUM 조건부 합계
A2: 김철수 | B2: 영업 | C2: 대리 | D2: 300 | H2: 조건 [A7:A8](부서=영업)에 맞는 사원의 실적 합계를 데이터베이스 함수로 [D9]에 구하시오. (데이터 범위 A1:D5)
A3: 이영희 | B3: 기획 | C3: 사원 | D3: 150
A4: 박민수 | B4: 영업 | C4: 사원 | D4: 220
A5: 최지우 | B5: 영업 | C5: 과장 | D5: 480 | H5: D9 의 0 을 지우고 수식을 넣습니다.
H6: 채점 | I6: =IF(NOT(_xlfn.ISFORMULA(D9)),"↖ 0 지우고 수식",IF(COUNTIF(AB9:AB9,TRUE)=1,"✔ 맞음","✘ 다시"))
A7: 부서
A8: 영업 | H8: 💡 막히면: DSUM(전체범위, 필드번호 또는 필드명, 조건범위). 필드번호는 머리글 포함 왼쪽부터 셉니다.
A9: 영업 실적 합계 | D9: 0 | AA9: =DSUM(A1:D5,4,A7:A8) | AB9: =AND(_xlfn.ISFORMULA(D9),IFERROR(ROUND(D9,4)=ROUND(AA9,4),EXACT(D9,AA9)))

Sheet 02 DAVERAGE 조건부 평균
A1: 사원 | B1: 부서 | C1: 직급 | D1: 실적 | H1: 2번 · DAVERAGE 조건부 평균
A2: 김철수 | B2: 영업 | C2: 대리 | D2: 300 | H2: 조건 [A7:A8](부서=영업)에 맞는 사원의 실적 평균을 [D9]에 구하시오. (데이터 범위 A1:D5)
A3: 이영희 | B3: 기획 | C3: 사원 | D3: 150
A4: 박민수 | B4: 영업 | C4: 사원 | D4: 220
A5: 최지우 | B5: 영업 | C5: 과장 | D5: 480 | H5: D9 의 0 을 지우고 수식을 넣습니다.
H6: 채점 | I6: =IF(NOT(_xlfn.ISFORMULA(D9)),"↖ 0 지우고 수식",IF(COUNTIF(AB9:AB9,TRUE)=1,"✔ 맞음","✘ 다시"))
A7: 부서
A8: 영업 | H8: 💡 막히면: DAVERAGE(전체범위, 필드, 조건범위)
A9: 영업 실적 평균 | D9: 0 | AA9: =DAVERAGE(A1:D5,4,A7:A8) | AB9: =AND(_xlfn.ISFORMULA(D9),IFERROR(ROUND(D9,4)=ROUND(AA9,4),EXACT(D9,AA9)))

Sheet 03 DCOUNT 조건부 개수
A1: 사원 | B1: 부서 | C1: 직급 | D1: 실적 | H1: 3번 · DCOUNT 조건부 개수
A2: 김철수 | B2: 영업 | C2: 대리 | D2: 300 | H2: 조건 [A7:A8](실적 200 이상)에 맞는 인원 수를 데이터베이스 함수로 [D9]에 구하시오. (실적 필드로 계산, 데이터 범위 A1:D5)
A3: 이영희 | B3: 기획 | C3: 사원 | D3: 150
A4: 박민수 | B4: 영업 | C4: 사원 | D4: 220
A5: 최지우 | B5: 영업 | C5: 과장 | D5: 480 | H5: D9 의 0 을 지우고 수식을 넣습니다.
H6: 채점 | I6: =IF(NOT(_xlfn.ISFORMULA(D9)),"↖ 0 지우고 수식",IF(COUNTIF(AB9:AB9,TRUE)=1,"✔ 맞음","✘ 다시"))
A7: 실적
A8: >=200 | H8: 💡 막히면: DCOUNT는 숫자가 든 셀만 셉니다. 문자 필드는 DCOUNTA를 씁니다.
A9: 200이상 인원 | D9: 0 | AA9: =DCOUNT(A1:D5,4,A7:A8) | AB9: =AND(_xlfn.ISFORMULA(D9),IFERROR(ROUND(D9,4)=ROUND(AA9,4),EXACT(D9,AA9)))

Sheet 04 DMAX 조건부 최댓값
A1: 사원 | B1: 부서 | C1: 직급 | D1: 실적 | H1: 4번 · DMAX 조건부 최댓값
A2: 김철수 | B2: 영업 | C2: 대리 | D2: 300 | H2: 조건 [A7:A8](부서=영업)에 맞는 사원 중 실적 최댓값을 [D9]에 구하시오. (데이터 범위 A1:D5)
A3: 이영희 | B3: 기획 | C3: 사원 | D3: 150
A4: 박민수 | B4: 영업 | C4: 사원 | D4: 220
A5: 최지우 | B5: 영업 | C5: 과장 | D5: 480 | H5: D9 의 0 을 지우고 수식을 넣습니다.
H6: 채점 | I6: =IF(NOT(_xlfn.ISFORMULA(D9)),"↖ 0 지우고 수식",IF(COUNTIF(AB9:AB9,TRUE)=1,"✔ 맞음","✘ 다시"))
A7: 부서
A8: 영업 | H8: 💡 막히면: DMAX(전체범위, 필드, 조건범위). 최솟값은 DMIN.
A9: 영업 최고실적 | D9: 0 | AA9: =DMAX(A1:D5,4,A7:A8) | AB9: =AND(_xlfn.ISFORMULA(D9),IFERROR(ROUND(D9,4)=ROUND(AA9,4),EXACT(D9,AA9)))

Sheet 05 DMIN 조건부 최솟값
A1: 사원 | B1: 부서 | C1: 직급 | D1: 실적 | H1: 5번 · DMIN 조건부 최솟값
A2: 김철수 | B2: 영업 | C2: 대리 | D2: 300 | H2: 조건 [A7:A8](직급=사원)에 맞는 사람 중 실적 최솟값을 [D9]에 구하시오. (데이터 범위 A1:D5)
A3: 이영희 | B3: 기획 | C3: 사원 | D3: 150
A4: 박민수 | B4: 영업 | C4: 사원 | D4: 220
A5: 최지우 | B5: 영업 | C5: 과장 | D5: 480 | H5: D9 의 0 을 지우고 수식을 넣습니다.
H6: 채점 | I6: =IF(NOT(_xlfn.ISFORMULA(D9)),"↖ 0 지우고 수식",IF(COUNTIF(AB9:AB9,TRUE)=1,"✔ 맞음","✘ 다시"))
A7: 직급
A8: 사원 | H8: 💡 막히면: DMIN(전체범위, 필드, 조건범위)
A9: 사원 최저실적 | D9: 0 | AA9: =DMIN(A1:D5,4,A7:A8) | AB9: =AND(_xlfn.ISFORMULA(D9),IFERROR(ROUND(D9,4)=ROUND(AA9,4),EXACT(D9,AA9)))

Sheet 06 필드명으로 지정하기
A1: 제품 | B1: 분류 | C1: 수량 | D1: 금액 | H1: 6번 · 필드명으로 지정하기
A2: 냉장고 | B2: 가전 | C2: 3 | D2: 2400 | H2: 조건 [A7:A8](분류=가전)에 맞는 금액 합계를 구하되, 두 번째 인수를 필드명 셀[D1]로 지정해 [D9]에 표시하시오.
A3: 책상 | B3: 가구 | C3: 5 | D3: 750
A4: 세탁기 | B4: 가전 | C4: 2 | D4: 1600
A5: 의자 | B5: 가구 | C5: 8 | D5: 640 | H5: D9 의 0 을 지우고 수식을 넣습니다.
H6: 채점 | I6: =IF(NOT(_xlfn.ISFORMULA(D9)),"↖ 0 지우고 수식",IF(COUNTIF(AB9:AB9,TRUE)=1,"✔ 맞음","✘ 다시"))
A7: 분류
A8: 가전 | H8: 💡 막히면: 필드는 번호(4) 대신 머리글 셀(D1)이나 "금액"으로도 지정할 수 있습니다.
A9: 가전 금액 합계 | D9: 0 | AA9: =DSUM(A1:D5,D1,A7:A8) | AB9: =AND(_xlfn.ISFORMULA(D9),IFERROR(ROUND(D9,4)=ROUND(AA9,4),EXACT(D9,AA9)))

Sheet 07 DSUM으로 부서 합계
A1: 이름 | B1: 부서 | C1: 실적 | H1: 7번 · DSUM으로 부서 합계
A2: 김하늘 | B2: 영업 | C2: 320 | H2: 조건 범위 [A7:A8](부서=영업)을 이용해 실적 합계를 [C6]에 구하시오.
A3: 이바다 | B3: 총무 | C3: 180
A4: 박구름 | B4: 영업 | C4: 410
A5: 최나무 | B5: 총무 | C5: 250 | H5: C6 의 0 을 지우고 수식을 넣습니다.
C6: 0 | H6: 채점 | I6: =IF(NOT(_xlfn.ISFORMULA(C6)),"↖ 0 지우고 수식",IF(COUNTIF(AB6:AB6,TRUE)=1,"✔ 맞음","✘ 다시")) | AA6: =DSUM(A1:C5,3,A7:A8) | AB6: =AND(_xlfn.ISFORMULA(C6),IFERROR(ROUND(C6,4)=ROUND(AA6,4),EXACT(C6,AA6)))
A7: 부서
A8: 영업 | H8: 💡 막히면: DSUM(전체표(머리글 포함), 계산할 열, 조건범위)

Sheet 08 DMIN으로 가장 낮은 값
A1: 이름 | B1: 반 | C1: 점수 | H1: 8번 · DMIN으로 가장 낮은 값
A2: 김하늘 | B2: 1반 | C2: 80 | H2: 조건 범위 [A7:A8](반=2반)에 맞는 가장 낮은 점수를 [C6]에 구하시오.
A3: 이바다 | B3: 2반 | C3: 70
A4: 박구름 | B4: 1반 | C4: 95
A5: 최나무 | B5: 2반 | C5: 55 | H5: C6 의 0 을 지우고 수식을 넣습니다.
C6: 0 | H6: 채점 | I6: =IF(NOT(_xlfn.ISFORMULA(C6)),"↖ 0 지우고 수식",IF(COUNTIF(AB6:AB6,TRUE)=1,"✔ 맞음","✘ 다시")) | AA6: =DMIN(A1:C5,3,A7:A8) | AB6: =AND(_xlfn.ISFORMULA(C6),IFERROR(ROUND(C6,4)=ROUND(AA6,4),EXACT(C6,AA6)))
A7: 반
A8: 2반 | H8: 💡 막히면: 가장 높은 값은 DMAX입니다.

Sheet 09 DCOUNT는 숫자만 센다
A1: 이름 | B1: 반 | C1: 점수 | H1: 9번 · DCOUNT는 숫자만 센다
A2: 김하늘 | B2: 1반 | C2: 80 | H2: 조건 범위 [A7:A8](반=1반)에 맞는 점수가 입력된 사람 수를 [C6]에 구하시오. (DCOUNT 사용)
A3: 이바다 | B3: 1반 | C3: 70
A4: 박구름 | B4: 1반 | C4: 95
A5: 최나무 | B5: 2반 | C5: 55 | H5: C6 의 0 을 지우고 수식을 넣습니다.
C6: 0 | H6: 채점 | I6: =IF(NOT(_xlfn.ISFORMULA(C6)),"↖ 0 지우고 수식",IF(COUNTIF(AB6:AB6,TRUE)=1,"✔ 맞음","✘ 다시")) | AA6: =DCOUNT(A1:C5,3,A7:A8) | AB6: =AND(_xlfn.ISFORMULA(C6),IFERROR(ROUND(C6,4)=ROUND(AA6,4),EXACT(C6,AA6)))
A7: 반
A8: 1반 | H8: 💡 막히면: DCOUNT는 지정한 열에 숫자가 든 것만 셉니다.

Sheet 정답
A1: 정답 — 먼저 스스로 풀어 본 뒤에 보세요
A2: [넣을 칸] 의 첫 칸에 이 수식을 넣고, 칸이 여러 개면 끝까지 끌어내리면 됩니다.
A4: 번호 | B4: 문제 | C4: 넣을 칸 | D4: 모범답안 (첫 칸) | E4: 힌트
A5: 1 | B5: DSUM 조건부 합계 | C5: D9 | D5: =DSUM(A1:D5,4,A7:A8) | E5: DSUM(전체범위, 필드번호 또는 필드명, 조건범위). 필드번호는 머리글 포함 왼쪽부터 셉니다.
A6: 2 | B6: DAVERAGE 조건부 평균 | C6: D9 | D6: =DAVERAGE(A1:D5,4,A7:A8) | E6: DAVERAGE(전체범위, 필드, 조건범위)
A7: 3 | B7: DCOUNT 조건부 개수 | C7: D9 | D7: =DCOUNT(A1:D5,4,A7:A8) | E7: DCOUNT는 숫자가 든 셀만 셉니다. 문자 필드는 DCOUNTA를 씁니다.
A8: 4 | B8: DMAX 조건부 최댓값 | C8: D9 | D8: =DMAX(A1:D5,4,A7:A8) | E8: DMAX(전체범위, 필드, 조건범위). 최솟값은 DMIN.
A9: 5 | B9: DMIN 조건부 최솟값 | C9: D9 | D9: =DMIN(A1:D5,4,A7:A8) | E9: DMIN(전체범위, 필드, 조건범위)
A10: 6 | B10: 필드명으로 지정하기 | C10: D9 | D10: =DSUM(A1:D5,D1,A7:A8) | E10: 필드는 번호(4) 대신 머리글 셀(D1)이나 "금액"으로도 지정할 수 있습니다.
A11: 7 | B11: DSUM으로 부서 합계 | C11: C6 | D11: =DSUM(A1:C5,3,A7:A8) | E11: DSUM(전체표(머리글 포함), 계산할 열, 조건범위)
A12: 8 | B12: DMIN으로 가장 낮은 값 | C12: C6 | D12: =DMIN(A1:C5,3,A7:A8) | E12: 가장 높은 값은 DMAX입니다.
A13: 9 | B13: DCOUNT는 숫자만 센다 | C13: C6 | D13: =DCOUNT(A1:C5,3,A7:A8) | E13: DCOUNT는 지정한 열에 숫자가 든 것만 셉니다.
