Workbook

Sheet 읽어보기
B2: 컴활 1급 실기 · 함수 연습 — 날짜 (9문제)
B3: 웹 「함수 연습소」의 [날짜] 범위와 똑같은 문제입니다. 번호도, 표도, 칸 주소도 같습니다.
B4: 웹에서는 한 문제씩, 여기서는 진짜 엑셀로 한꺼번에 풀어 봅니다.
B5: 푸는 법
B6: ① 아래 시트 탭(01, 02 …)이 문제 하나씩입니다. 오른쪽에 문제가 적혀 있습니다.
B7: ② 노란 칸의 0 을 지우고 = 로 시작하는 수식을 넣습니다.
B8: ③ 노란 칸이 여러 줄이면 — 첫 칸에만 수식을 넣고, 채우기 핸들(칸 오른쪽 아래 ■)을 마지막 노란 칸까지 끌어내립니다.
B9: ④ 오른쪽 [채점] 칸이 ✔ 맞음 / ✘ 다시 로 스스로 바뀝니다. 수식이 달라도 결과가 같으면 맞음입니다.
B10: ⑤ [채점표] 시트에서 전체 진행 상황을, 맨 끝 [정답] 시트에서 모범답안을 볼 수 있습니다.
B11: 사람마다 결과가 달라야 정상입니다. 첫 칸은 맞았는데 아래 칸이 틀린다면, 끌어내리면서 범위나 기준 칸도 같이 내려간 것입니다 — 움직이면 안 되는 주소에 F4 로 $ 를 붙이세요.
B12: 값이 안 바뀌어 보이면 Ctrl + Alt + F9 (전체 다시 계산). 숫자를 손으로 적으면 맞음이 나오지 않습니다.

Sheet 채점표
A1: 채점표 — 날짜 9문제
A3: 번호 | B3: 문제 | C3: 넣을 칸 | D3: 채점
A4: 1 | B4: 입사 연도 | C4: C2 → C6 | D4: ='01 입사 연도'!I7
A5: 2 | B5: 출고 월 | C5: C2 → C6 | D5: ='02 출고 월'!I7
A6: 3 | B6: 근속 연수 | C6: D2 → D6 | D6: ='03 근속 연수'!I7
A7: 4 | B7: 주말/평일 판정 | C7: B2 → B7 | D7: ='04 주말평일 판정'!I7
A8: 5 | B8: 날짜 만들기 | C8: D2 → D6 | D8: ='05 날짜 만들기'!I7
A9: 6 | B9: 두 날짜 사이의 일수 | C9: C2 → C6 | D9: ='06 두 날짜 사이의 일수'!I7
A10: 7 | B10: 시각에서 "시"만 꺼내기 | C10: B2 → B7 | D10: ='07 시각에서 시만 꺼내기'!I7
A11: 8 | B11: 주말인지 판정 | C11: B2 → B7 | D11: ='08 주말인지 판정'!I7
A12: 9 | B12: 입사 연도와 근속 연수 | C12: C2 → C6 | D12: ='09 입사 연도와 근속 연수'!I7
B14: 맞은 문제 | D14: =COUNTIF(D4:D12,"*맞음*")&" / 9"

Sheet 01 입사 연도
A1: 이름 | B1: 입사일 | C1: 입사년도 | H1: 1번 · 입사 연도
A2: 김하나 | B2: 42065 | C2: 0 | H2: 입사일[B2:B6]에서 연도만 뽑아 [C2:C6]에 표시하시오. | AA2: =YEAR(B2) | AB2: =AND(_xlfn.ISFORMULA(C2),IFERROR(ROUND(C2,4)=ROUND(AA2,4),EXACT(C2,AA2)))
A3: 이두리 | B3: 44165 | C3: 0 | AA3: =YEAR(B3) | AB3: =AND(_xlfn.ISFORMULA(C3),IFERROR(ROUND(C3,4)=ROUND(AA3,4),EXACT(C3,AA3)))
A4: 박세찬 | B4: 39814 | C4: 0 | AA4: =YEAR(B4) | AB4: =AND(_xlfn.ISFORMULA(C4),IFERROR(ROUND(C4,4)=ROUND(AA4,4),EXACT(C4,AA4)))
A5: 최가온 | B5: 45489 | C5: 0 | H5: ① C2 의 0 을 지우고 수식을 넣습니다. ② 채우기 핸들(칸 오른쪽 아래 ■)을 C6 까지 끌어내립니다. | AA5: =YEAR(B5) | AB5: =AND(_xlfn.ISFORMULA(C5),IFERROR(ROUND(C5,4)=ROUND(AA5,4),EXACT(C5,AA5)))
A6: 정바름 | B6: 36525 | C6: 0 | AA6: =YEAR(B6) | AB6: =AND(_xlfn.ISFORMULA(C6),IFERROR(ROUND(C6,4)=ROUND(AA6,4),EXACT(C6,AA6)))
H7: 채점 | I7: =IF(NOT(_xlfn.ISFORMULA(C2)),"↖ 0 지우고 수식",IF(COUNTIF(AB2:AB6,TRUE)=5,"✔ 맞음","✘ 다시 ("&COUNTIF(AB2:AB6,TRUE)&" / 5칸)"))
H8: 칸마다 따로 채점합니다. 첫 칸만 맞고 아래가 틀리면 — 끌어내릴 때 움직이면 안 되는 주소에 $ 가 있는지 보세요.
H11: 💡 막히면: YEAR(날짜)

Sheet 02 출고 월
A1: 제품 | B1: 출고일 | C1: 출고월 | H1: 2번 · 출고 월
A2: 노트북 | B2: 45489 | C2: 0 | H2: 출고일[B2:B6]에서 월만 뽑아 [C2:C6]에 표시하시오. | AA2: =MONTH(B2) | AB2: =AND(_xlfn.ISFORMULA(C2),IFERROR(ROUND(C2,4)=ROUND(AA2,4),EXACT(C2,AA2)))
A3: 모니터 | B3: 45322 | C3: 0 | AA3: =MONTH(B3) | AB3: =AND(_xlfn.ISFORMULA(C3),IFERROR(ROUND(C3,4)=ROUND(AA3,4),EXACT(C3,AA3)))
A4: 프린터 | B4: 45627 | C4: 0 | AA4: =MONTH(B4) | AB4: =AND(_xlfn.ISFORMULA(C4),IFERROR(ROUND(C4,4)=ROUND(AA4,4),EXACT(C4,AA4)))
A5: 스캐너 | B5: 45575 | C5: 0 | H5: ① C2 의 0 을 지우고 수식을 넣습니다. ② 채우기 핸들(칸 오른쪽 아래 ■)을 C6 까지 끌어내립니다. | AA5: =MONTH(B5) | AB5: =AND(_xlfn.ISFORMULA(C5),IFERROR(ROUND(C5,4)=ROUND(AA5,4),EXACT(C5,AA5)))
A6: 키보드 | B6: 45351 | C6: 0 | AA6: =MONTH(B6) | AB6: =AND(_xlfn.ISFORMULA(C6),IFERROR(ROUND(C6,4)=ROUND(AA6,4),EXACT(C6,AA6)))
H7: 채점 | I7: =IF(NOT(_xlfn.ISFORMULA(C2)),"↖ 0 지우고 수식",IF(COUNTIF(AB2:AB6,TRUE)=5,"✔ 맞음","✘ 다시 ("&COUNTIF(AB2:AB6,TRUE)&" / 5칸)"))
H8: 칸마다 따로 채점합니다. 첫 칸만 맞고 아래가 틀리면 — 끌어내릴 때 움직이면 안 되는 주소에 $ 가 있는지 보세요.
H11: 💡 막히면: MONTH(날짜)

Sheet 03 근속 연수
A1: 이름 | B1: 입사일 | C1: 기준일 | D1: 근속연수 | H1: 3번 · 근속 연수
A2: 이두리 | B2: 42065 | C2: 45353 | D2: 0 | H2: 기준일[C2:C6]과 입사일[B2:B6]의 연도 차이로 근속연수를 [D2:D6]에 구하시오. | AA2: =YEAR(C2)-YEAR(B2) | AB2: =AND(_xlfn.ISFORMULA(D2),IFERROR(ROUND(D2,4)=ROUND(AA2,4),EXACT(D2,AA2)))
A3: 김하나 | B3: 44075 | C3: 45353 | D3: 0 | AA3: =YEAR(C3)-YEAR(B3) | AB3: =AND(_xlfn.ISFORMULA(D3),IFERROR(ROUND(D3,4)=ROUND(AA3,4),EXACT(D3,AA3)))
A4: 박두리 | B4: 40239 | C4: 45353 | D4: 0 | AA4: =YEAR(C4)-YEAR(B4) | AB4: =AND(_xlfn.ISFORMULA(D4),IFERROR(ROUND(D4,4)=ROUND(AA4,4),EXACT(D4,AA4)))
A5: 최세나 | B5: 45291 | C5: 45353 | D5: 0 | H5: ① D2 의 0 을 지우고 수식을 넣습니다. ② 채우기 핸들(칸 오른쪽 아래 ■)을 D6 까지 끌어내립니다. | AA5: =YEAR(C5)-YEAR(B5) | AB5: =AND(_xlfn.ISFORMULA(D5),IFERROR(ROUND(D5,4)=ROUND(AA5,4),EXACT(D5,AA5)))
A6: 정네온 | B6: 37031 | C6: 45353 | D6: 0 | AA6: =YEAR(C6)-YEAR(B6) | AB6: =AND(_xlfn.ISFORMULA(D6),IFERROR(ROUND(D6,4)=ROUND(AA6,4),EXACT(D6,AA6)))
H7: 채점 | I7: =IF(NOT(_xlfn.ISFORMULA(D2)),"↖ 0 지우고 수식",IF(COUNTIF(AB2:AB6,TRUE)=5,"✔ 맞음","✘ 다시 ("&COUNTIF(AB2:AB6,TRUE)&" / 5칸)"))
H8: 칸마다 따로 채점합니다. 첫 칸만 맞고 아래가 틀리면 — 끌어내릴 때 움직이면 안 되는 주소에 $ 가 있는지 보세요.
H11: 💡 막히면: YEAR(기준일)-YEAR(입사일)

Sheet 04 주말평일 판정
A1: 날짜 | B1: 구분 | H1: 4번 · 주말/평일 판정
A2: 45493 | B2: 0 | H2: 날짜[A2:A7]가 토·일이면 "주말", 아니면 "평일"을 [B2:B7]에 표시하시오. (WEEKDAY 두 번째 인수 2 사용: 월=1 … 토=6, 일=7) | AA2: =IF(WEEKDAY(A2,2)>=6,"주말","평일") | AB2: =AND(_xlfn.ISFORMULA(B2),IFERROR(ROUND(B2,4)=ROUND(AA2,4),EXACT(B2,AA2)))
A3: 45494 | B3: 0 | AA3: =IF(WEEKDAY(A3,2)>=6,"주말","평일") | AB3: =AND(_xlfn.ISFORMULA(B3),IFERROR(ROUND(B3,4)=ROUND(AA3,4),EXACT(B3,AA3)))
A4: 45495 | B4: 0 | AA4: =IF(WEEKDAY(A4,2)>=6,"주말","평일") | AB4: =AND(_xlfn.ISFORMULA(B4),IFERROR(ROUND(B4,4)=ROUND(AA4,4),EXACT(B4,AA4)))
A5: 45492 | B5: 0 | H5: ① B2 의 0 을 지우고 수식을 넣습니다. ② 채우기 핸들(칸 오른쪽 아래 ■)을 B7 까지 끌어내립니다. | AA5: =IF(WEEKDAY(A5,2)>=6,"주말","평일") | AB5: =AND(_xlfn.ISFORMULA(B5),IFERROR(ROUND(B5,4)=ROUND(AA5,4),EXACT(B5,AA5)))
A6: 45500 | B6: 0 | AA6: =IF(WEEKDAY(A6,2)>=6,"주말","평일") | AB6: =AND(_xlfn.ISFORMULA(B6),IFERROR(ROUND(B6,4)=ROUND(AA6,4),EXACT(B6,AA6)))
A7: 45497 | B7: 0 | H7: 채점 | I7: =IF(NOT(_xlfn.ISFORMULA(B2)),"↖ 0 지우고 수식",IF(COUNTIF(AB2:AB7,TRUE)=6,"✔ 맞음","✘ 다시 ("&COUNTIF(AB2:AB7,TRUE)&" / 6칸)")) | AA7: =IF(WEEKDAY(A7,2)>=6,"주말","평일") | AB7: =AND(_xlfn.ISFORMULA(B7),IFERROR(ROUND(B7,4)=ROUND(AA7,4),EXACT(B7,AA7)))
H8: 칸마다 따로 채점합니다. 첫 칸만 맞고 아래가 틀리면 — 끌어내릴 때 움직이면 안 되는 주소에 $ 가 있는지 보세요.
H11: 💡 막히면: WEEKDAY(날짜,2)가 6 이상이면 토·일.

Sheet 05 날짜 만들기
A1: 년 | B1: 월 | C1: 일 | D1: 날짜 | H1: 5번 · 날짜 만들기
A2: 2024 | B2: 7 | C2: 16 | D2: 0 | H2: 년[A2:A6]·월[B2:B6]·일[C2:C6]을 합쳐 날짜를 [D2:D6]에 만드시오. | AA2: =DATE(A2,B2,C2) | AB2: =AND(_xlfn.ISFORMULA(D2),IFERROR(ROUND(D2,4)=ROUND(AA2,4),EXACT(D2,AA2)))
A3: 2024 | B3: 12 | C3: 25 | D3: 0 | AA3: =DATE(A3,B3,C3) | AB3: =AND(_xlfn.ISFORMULA(D3),IFERROR(ROUND(D3,4)=ROUND(AA3,4),EXACT(D3,AA3)))
A4: 2025 | B4: 1 | C4: 1 | D4: 0 | AA4: =DATE(A4,B4,C4) | AB4: =AND(_xlfn.ISFORMULA(D4),IFERROR(ROUND(D4,4)=ROUND(AA4,4),EXACT(D4,AA4)))
A5: 2024 | B5: 2 | C5: 29 | D5: 0 | H5: ① D2 의 0 을 지우고 수식을 넣습니다. ② 채우기 핸들(칸 오른쪽 아래 ■)을 D6 까지 끌어내립니다. | AA5: =DATE(A5,B5,C5) | AB5: =AND(_xlfn.ISFORMULA(D5),IFERROR(ROUND(D5,4)=ROUND(AA5,4),EXACT(D5,AA5)))
A6: 2026 | B6: 3 | C6: 2 | D6: 0 | AA6: =DATE(A6,B6,C6) | AB6: =AND(_xlfn.ISFORMULA(D6),IFERROR(ROUND(D6,4)=ROUND(AA6,4),EXACT(D6,AA6)))
H7: 채점 | I7: =IF(NOT(_xlfn.ISFORMULA(D2)),"↖ 0 지우고 수식",IF(COUNTIF(AB2:AB6,TRUE)=5,"✔ 맞음","✘ 다시 ("&COUNTIF(AB2:AB6,TRUE)&" / 5칸)"))
H8: 칸마다 따로 채점합니다. 첫 칸만 맞고 아래가 틀리면 — 끌어내릴 때 움직이면 안 되는 주소에 $ 가 있는지 보세요.
H11: 💡 막히면: DATE(년, 월, 일)

Sheet 06 두 날짜 사이의 일수
A1: 시작일 | B1: 종료일 | C1: 일수 | H1: 6번 · 두 날짜 사이의 일수
A2: 46083 | B2: 46101 | C2: 0 | H2: 시작일[A2:A6]부터 종료일[B2:B6]까지 며칠인지 [C2:C6]에 구하시오. | AA2: =_xlfn.DAYS(B2,A2) | AB2: =AND(_xlfn.ISFORMULA(C2),IFERROR(ROUND(C2,4)=ROUND(AA2,4),EXACT(C2,AA2)))
A3: 46054 | B3: 46082 | C3: 0 | AA3: =_xlfn.DAYS(B3,A3) | AB3: =AND(_xlfn.ISFORMULA(C3),IFERROR(ROUND(C3,4)=ROUND(AA3,4),EXACT(C3,AA3)))
A4: 46016 | B4: 46023 | C4: 0 | AA4: =_xlfn.DAYS(B4,A4) | AB4: =AND(_xlfn.ISFORMULA(C4),IFERROR(ROUND(C4,4)=ROUND(AA4,4),EXACT(C4,AA4)))
A5: 46147 | B5: 46147 | C5: 0 | H5: ① C2 의 0 을 지우고 수식을 넣습니다. ② 채우기 핸들(칸 오른쪽 아래 ■)을 C6 까지 끌어내립니다. | AA5: =_xlfn.DAYS(B5,A5) | AB5: =AND(_xlfn.ISFORMULA(C5),IFERROR(ROUND(C5,4)=ROUND(AA5,4),EXACT(C5,AA5)))
A6: 45717 | B6: 46082 | C6: 0 | AA6: =_xlfn.DAYS(B6,A6) | AB6: =AND(_xlfn.ISFORMULA(C6),IFERROR(ROUND(C6,4)=ROUND(AA6,4),EXACT(C6,AA6)))
H7: 채점 | I7: =IF(NOT(_xlfn.ISFORMULA(C2)),"↖ 0 지우고 수식",IF(COUNTIF(AB2:AB6,TRUE)=5,"✔ 맞음","✘ 다시 ("&COUNTIF(AB2:AB6,TRUE)&" / 5칸)"))
H8: 칸마다 따로 채점합니다. 첫 칸만 맞고 아래가 틀리면 — 끌어내릴 때 움직이면 안 되는 주소에 $ 가 있는지 보세요.
H11: 💡 막히면: DAYS(끝나는 날, 시작하는 날) — 순서에 주의

Sheet 07 시각에서 시만 꺼내기
A1: 출근시각 | B1: 시 | H1: 7번 · 시각에서 "시"만 꺼내기
A2: 0.35787037 | B2: 0 | H2: 출근시각[A2:A7]에서 시(hour)만 [B2:B7]에 표시하시오. | AA2: =HOUR(A2) | AB2: =AND(_xlfn.ISFORMULA(B2),IFERROR(ROUND(B2,4)=ROUND(AA2,4),EXACT(B2,AA2)))
A3: 0.37847222 | B3: 0 | AA3: =HOUR(A3) | AB3: =AND(_xlfn.ISFORMULA(B3),IFERROR(ROUND(B3,4)=ROUND(AA3,4),EXACT(B3,AA3)))
A4: 0.020833333 | B4: 0 | AA4: =HOUR(A4) | AB4: =AND(_xlfn.ISFORMULA(B4),IFERROR(ROUND(B4,4)=ROUND(AA4,4),EXACT(B4,AA4)))
A5: 0.99998843 | B5: 0 | H5: ① B2 의 0 을 지우고 수식을 넣습니다. ② 채우기 핸들(칸 오른쪽 아래 ■)을 B7 까지 끌어내립니다. | AA5: =HOUR(A5) | AB5: =AND(_xlfn.ISFORMULA(B5),IFERROR(ROUND(B5,4)=ROUND(AA5,4),EXACT(B5,AA5)))
A6: 0.5 | B6: 0 | AA6: =HOUR(A6) | AB6: =AND(_xlfn.ISFORMULA(B6),IFERROR(ROUND(B6,4)=ROUND(AA6,4),EXACT(B6,AA6)))
A7: 0.73981481 | B7: 0 | H7: 채점 | I7: =IF(NOT(_xlfn.ISFORMULA(B2)),"↖ 0 지우고 수식",IF(COUNTIF(AB2:AB7,TRUE)=6,"✔ 맞음","✘ 다시 ("&COUNTIF(AB2:AB7,TRUE)&" / 6칸)")) | AA7: =HOUR(A7) | AB7: =AND(_xlfn.ISFORMULA(B7),IFERROR(ROUND(B7,4)=ROUND(AA7,4),EXACT(B7,AA7)))
H8: 칸마다 따로 채점합니다. 첫 칸만 맞고 아래가 틀리면 — 끌어내릴 때 움직이면 안 되는 주소에 $ 가 있는지 보세요.
H11: 💡 막히면: 분은 MINUTE, 초는 SECOND

Sheet 08 주말인지 판정
A1: 날짜 | B1: 구분 | H1: 8번 · 주말인지 판정
A2: 46088 | B2: 0 | H2: 날짜[A2:A7]가 토요일이나 일요일이면 "주말", 아니면 "평일"을 [B2:B7]에 표시하시오. (WEEKDAY의 두 번째 인수 2 사용) | AA2: =IF(WEEKDAY(A2,2)>=6,"주말","평일") | AB2: =AND(_xlfn.ISFORMULA(B2),IFERROR(ROUND(B2,4)=ROUND(AA2,4),EXACT(B2,AA2)))
A3: 46089 | B3: 0 | AA3: =IF(WEEKDAY(A3,2)>=6,"주말","평일") | AB3: =AND(_xlfn.ISFORMULA(B3),IFERROR(ROUND(B3,4)=ROUND(AA3,4),EXACT(B3,AA3)))
A4: 46090 | B4: 0 | AA4: =IF(WEEKDAY(A4,2)>=6,"주말","평일") | AB4: =AND(_xlfn.ISFORMULA(B4),IFERROR(ROUND(B4,4)=ROUND(AA4,4),EXACT(B4,AA4)))
A5: 46094 | B5: 0 | H5: ① B2 의 0 을 지우고 수식을 넣습니다. ② 채우기 핸들(칸 오른쪽 아래 ■)을 B7 까지 끌어내립니다. | AA5: =IF(WEEKDAY(A5,2)>=6,"주말","평일") | AB5: =AND(_xlfn.ISFORMULA(B5),IFERROR(ROUND(B5,4)=ROUND(AA5,4),EXACT(B5,AA5)))
A6: 46095 | B6: 0 | AA6: =IF(WEEKDAY(A6,2)>=6,"주말","평일") | AB6: =AND(_xlfn.ISFORMULA(B6),IFERROR(ROUND(B6,4)=ROUND(AA6,4),EXACT(B6,AA6)))
A7: 46092 | B7: 0 | H7: 채점 | I7: =IF(NOT(_xlfn.ISFORMULA(B2)),"↖ 0 지우고 수식",IF(COUNTIF(AB2:AB7,TRUE)=6,"✔ 맞음","✘ 다시 ("&COUNTIF(AB2:AB7,TRUE)&" / 6칸)")) | AA7: =IF(WEEKDAY(A7,2)>=6,"주말","평일") | AB7: =AND(_xlfn.ISFORMULA(B7),IFERROR(ROUND(B7,4)=ROUND(AA7,4),EXACT(B7,AA7)))
H8: 칸마다 따로 채점합니다. 첫 칸만 맞고 아래가 틀리면 — 끌어내릴 때 움직이면 안 되는 주소에 $ 가 있는지 보세요.
H11: 💡 막히면: WEEKDAY(날짜, 2)는 월요일이 1, 토요일 6, 일요일 7입니다.

Sheet 09 입사 연도와 근속 연수
A1: 이름 | B1: 입사일 | C1: 입사연도 | H1: 9번 · 입사 연도와 근속 연수
A2: 김한별 | B2: 43556 | C2: 0 | H2: 입사일[B2:B6]에서 연도만 [C2:C6]에 표시하시오. | AA2: =YEAR(B2) | AB2: =AND(_xlfn.ISFORMULA(C2),IFERROR(ROUND(C2,4)=ROUND(AA2,4),EXACT(C2,AA2)))
A3: 이보람 | B3: 45657 | C3: 0 | AA3: =YEAR(B3) | AB3: =AND(_xlfn.ISFORMULA(C3),IFERROR(ROUND(C3,4)=ROUND(AA3,4),EXACT(C3,AA3)))
A4: 정하늘 | B4: 40179 | C4: 0 | AA4: =YEAR(B4) | AB4: =AND(_xlfn.ISFORMULA(C4),IFERROR(ROUND(C4,4)=ROUND(AA4,4),EXACT(C4,AA4)))
A5: 한겨울 | B5: 44362 | C5: 0 | H5: ① C2 의 0 을 지우고 수식을 넣습니다. ② 채우기 핸들(칸 오른쪽 아래 ■)을 C6 까지 끌어내립니다. | AA5: =YEAR(B5) | AB5: =AND(_xlfn.ISFORMULA(C5),IFERROR(ROUND(C5,4)=ROUND(AA5,4),EXACT(C5,AA5)))
A6: 서지호 | B6: 35856 | C6: 0 | AA6: =YEAR(B6) | AB6: =AND(_xlfn.ISFORMULA(C6),IFERROR(ROUND(C6,4)=ROUND(AA6,4),EXACT(C6,AA6)))
H7: 채점 | I7: =IF(NOT(_xlfn.ISFORMULA(C2)),"↖ 0 지우고 수식",IF(COUNTIF(AB2:AB6,TRUE)=5,"✔ 맞음","✘ 다시 ("&COUNTIF(AB2:AB6,TRUE)&" / 5칸)"))
H8: 칸마다 따로 채점합니다. 첫 칸만 맞고 아래가 틀리면 — 끌어내릴 때 움직이면 안 되는 주소에 $ 가 있는지 보세요.
H11: 💡 막히면: 월은 MONTH, 일은 DAY

Sheet 정답
A1: 정답 — 먼저 스스로 풀어 본 뒤에 보세요
A2: [넣을 칸] 의 첫 칸에 이 수식을 넣고, 칸이 여러 개면 끝까지 끌어내리면 됩니다.
A4: 번호 | B4: 문제 | C4: 넣을 칸 | D4: 모범답안 (첫 칸) | E4: 힌트
A5: 1 | B5: 입사 연도 | C5: C2:C6 | D5: =YEAR(B2) | E5: YEAR(날짜)
A6: 2 | B6: 출고 월 | C6: C2:C6 | D6: =MONTH(B2) | E6: MONTH(날짜)
A7: 3 | B7: 근속 연수 | C7: D2:D6 | D7: =YEAR(C2)-YEAR(B2) | E7: YEAR(기준일)-YEAR(입사일)
A8: 4 | B8: 주말/평일 판정 | C8: B2:B7 | D8: =IF(WEEKDAY(A2,2)>=6,"주말","평일") | E8: WEEKDAY(날짜,2)가 6 이상이면 토·일.
A9: 5 | B9: 날짜 만들기 | C9: D2:D6 | D9: =DATE(A2,B2,C2) | E9: DATE(년, 월, 일)
A10: 6 | B10: 두 날짜 사이의 일수 | C10: C2:C6 | D10: =DAYS(B2,A2) | E10: DAYS(끝나는 날, 시작하는 날) — 순서에 주의
A11: 7 | B11: 시각에서 "시"만 꺼내기 | C11: B2:B7 | D11: =HOUR(A2) | E11: 분은 MINUTE, 초는 SECOND
A12: 8 | B12: 주말인지 판정 | C12: B2:B7 | D12: =IF(WEEKDAY(A2,2)>=6,"주말","평일") | E12: WEEKDAY(날짜, 2)는 월요일이 1, 토요일 6, 일요일 7입니다.
A13: 9 | B13: 입사 연도와 근속 연수 | C13: C2:C6 | D13: =YEAR(B2) | E13: 월은 MONTH, 일은 DAY
