Workbook

Sheet 읽어보기
B2: 컴활 1급 실기 · 함수 연습 — 다중조건 (8문제)
B3: 웹 「함수 연습소」의 [다중 조건(IFS)] 범위와 똑같은 문제입니다. 번호도, 표도, 칸 주소도 같습니다.
B4: 웹에서는 한 문제씩, 여기서는 진짜 엑셀로 한꺼번에 풀어 봅니다.
B5: 푸는 법
B6: ① 아래 시트 탭(01, 02 …)이 문제 하나씩입니다. 오른쪽에 문제가 적혀 있습니다.
B7: ② 노란 칸의 0 을 지우고 = 로 시작하는 수식을 넣습니다.
B8: ③ 노란 칸이 여러 줄이면 — 첫 칸에만 수식을 넣고, 채우기 핸들(칸 오른쪽 아래 ■)을 마지막 노란 칸까지 끌어내립니다.
B9: ④ 오른쪽 [채점] 칸이 ✔ 맞음 / ✘ 다시 로 스스로 바뀝니다. 수식이 달라도 결과가 같으면 맞음입니다.
B10: ⑤ [채점표] 시트에서 전체 진행 상황을, 맨 끝 [정답] 시트에서 모범답안을 볼 수 있습니다.
B11: 사람마다 결과가 달라야 정상입니다. 첫 칸은 맞았는데 아래 칸이 틀린다면, 끌어내리면서 범위나 기준 칸도 같이 내려간 것입니다 — 움직이면 안 되는 주소에 F4 로 $ 를 붙이세요.
B12: 값이 안 바뀌어 보이면 Ctrl + Alt + F9 (전체 다시 계산). 숫자를 손으로 적으면 맞음이 나오지 않습니다.

Sheet 채점표
A1: 채점표 — 다중조건 8문제
A3: 번호 | B3: 문제 | C3: 넣을 칸 | D3: 채점
A4: 1 | B4: 지점과 분기를 모두 만족하는 건수 | C4: A7 | D4: ='01 지점과 분기를 모두 만족하는 건수'!I6
A5: 2 | B5: 조건 두 개를 만족하는 합계 | C5: A7 | D5: ='02 조건 두 개를 만족하는 합계'!I6
A6: 3 | B6: 조건에 맞는 평균 | C6: A7 | D6: ='03 조건에 맞는 평균'!I6
A7: 4 | B7: 숫자 조건 두 개 | C7: A7 | D7: ='04 숫자 조건 두 개'!I6
A8: 5 | B8: 반과 성별을 모두 만족 | C8: A7 | D8: ='05 반과 성별을 모두 만족'!I6
A9: 6 | B9: 조건에 맞는 것 중 최고 | C9: A7 | D9: ='06 조건에 맞는 것 중 최고'!I6
A10: 7 | B10: 성으로 시작하는 조건 | C10: A7 | D10: ='07 성으로 시작하는 조건'!I6
A11: 8 | B11: 라인·분기별 생산 합계 표 | C11: G2 → G5 | D11: ='08 라인·분기별 생산 합계 표'!J7
B13: 맞은 문제 | D13: =COUNTIF(D4:D11,"*맞음*")&" / 8"

Sheet 01 지점과 분기를 모두 만족하는 건수
A1: 지점 | B1: 분기 | C1: 담당 | D1: 매출 | H1: 1번 · 지점과 분기를 모두 만족하는 건수
A2: 서울 | B2: 1분기 | C2: 김한별 | D2: 320 | H2: 지점[A2:A6]이 "서울"이면서 분기[B2:B6]가 "1분기"인 건수를 [A7]에 구하시오.
A3: 부산 | B3: 1분기 | C3: 이보람 | D3: 180
A4: 서울 | B4: 2분기 | C4: 김한별 | D4: 410
A5: 부산 | B5: 2분기 | C5: 정하늘 | D5: 250 | H5: A7 의 0 을 지우고 수식을 넣습니다.
A6: 서울 | B6: 1분기 | C6: 한겨울 | D6: 150 | H6: 채점 | I6: =IF(NOT(_xlfn.ISFORMULA(A7)),"↖ 0 지우고 수식",IF(COUNTIF(AB7:AB7,TRUE)=1,"✔ 맞음","✘ 다시"))
A7: 0 | AA7: =COUNTIFS(A2:A6,"서울",B2:B6,"1분기") | AB7: =AND(_xlfn.ISFORMULA(A7),IFERROR(ROUND(A7,4)=ROUND(AA7,4),EXACT(A7,AA7)))
H8: 💡 막히면: COUNTIFS(범위1, 조건1, 범위2, 조건2) — 조건을 모두 만족하는 개수

Sheet 02 조건 두 개를 만족하는 합계
A1: 지점 | B1: 분기 | C1: 담당 | D1: 매출 | H1: 2번 · 조건 두 개를 만족하는 합계
A2: 서울 | B2: 1분기 | C2: 김한별 | D2: 320 | H2: 지점이 "서울"이고 분기가 "2분기"인 매출[D2:D6]의 합계를 [A7]에 구하시오.
A3: 부산 | B3: 1분기 | C3: 이보람 | D3: 180
A4: 서울 | B4: 2분기 | C4: 김한별 | D4: 410
A5: 부산 | B5: 2분기 | C5: 정하늘 | D5: 250 | H5: A7 의 0 을 지우고 수식을 넣습니다.
A6: 서울 | B6: 1분기 | C6: 한겨울 | D6: 150 | H6: 채점 | I6: =IF(NOT(_xlfn.ISFORMULA(A7)),"↖ 0 지우고 수식",IF(COUNTIF(AB7:AB7,TRUE)=1,"✔ 맞음","✘ 다시"))
A7: 0 | AA7: =SUMIFS(D2:D6,A2:A6,"서울",B2:B6,"2분기") | AB7: =AND(_xlfn.ISFORMULA(A7),IFERROR(ROUND(A7,4)=ROUND(AA7,4),EXACT(A7,AA7)))
H8: 💡 막히면: SUMIFS는 합계 범위가 맨 앞에 옵니다. SUMIF와 순서가 반대예요.

Sheet 03 조건에 맞는 평균
A1: 지점 | B1: 분기 | C1: 담당 | D1: 매출 | H1: 3번 · 조건에 맞는 평균
A2: 서울 | B2: 1분기 | C2: 김한별 | D2: 320 | H2: 지점이 "서울"인 매출[D2:D6]의 평균을 [A7]에 구하시오. (AVERAGEIFS 사용)
A3: 부산 | B3: 1분기 | C3: 이보람 | D3: 180
A4: 서울 | B4: 2분기 | C4: 김한별 | D4: 410
A5: 부산 | B5: 2분기 | C5: 정하늘 | D5: 250 | H5: A7 의 0 을 지우고 수식을 넣습니다.
A6: 서울 | B6: 1분기 | C6: 한겨울 | D6: 150 | H6: 채점 | I6: =IF(NOT(_xlfn.ISFORMULA(A7)),"↖ 0 지우고 수식",IF(COUNTIF(AB7:AB7,TRUE)=1,"✔ 맞음","✘ 다시"))
A7: 0 | AA7: =AVERAGEIFS(D2:D6,A2:A6,"서울") | AB7: =AND(_xlfn.ISFORMULA(A7),IFERROR(ROUND(A7,4)=ROUND(AA7,4),EXACT(A7,AA7)))
H8: 💡 막히면: AVERAGEIFS(평균범위, 조건범위, 조건)

Sheet 04 숫자 조건 두 개
A1: 지점 | B1: 분기 | C1: 담당 | D1: 매출 | H1: 4번 · 숫자 조건 두 개
A2: 서울 | B2: 1분기 | C2: 김한별 | D2: 320 | H2: 매출[D2:D6]이 200 이상 400 이하인 건수를 [A7]에 구하시오.
A3: 부산 | B3: 1분기 | C3: 이보람 | D3: 180
A4: 서울 | B4: 2분기 | C4: 김한별 | D4: 410
A5: 부산 | B5: 2분기 | C5: 정하늘 | D5: 250 | H5: A7 의 0 을 지우고 수식을 넣습니다.
A6: 서울 | B6: 1분기 | C6: 한겨울 | D6: 150 | H6: 채점 | I6: =IF(NOT(_xlfn.ISFORMULA(A7)),"↖ 0 지우고 수식",IF(COUNTIF(AB7:AB7,TRUE)=1,"✔ 맞음","✘ 다시"))
A7: 0 | AA7: =COUNTIFS(D2:D6,">=200",D2:D6,"<=400") | AB7: =AND(_xlfn.ISFORMULA(A7),IFERROR(ROUND(A7,4)=ROUND(AA7,4),EXACT(A7,AA7)))
H8: 💡 막히면: 같은 범위를 두 번 써서 위·아래 조건을 겁니다.

Sheet 05 반과 성별을 모두 만족
A1: 이름 | B1: 반 | C1: 성별 | D1: 국어 | E1: 영어 | F1: 평균 | H1: 5번 · 반과 성별을 모두 만족
A2: 김한별 | B2: 1반 | C2: 남 | D2: 80 | E2: 90 | F2: 85 | H2: 반[B2:B6]이 "1반"이고 성별[C2:C6]이 "남"인 학생의 국어[D2:D6] 합계를 [A7]에 구하시오.
A3: 이보람 | B3: 2반 | C3: 여 | D3: 95 | E3: 85 | F3: 90
A4: 정하늘 | B4: 1반 | C4: 여 | D4: 60 | E4: 70 | F4: 65
A5: 한겨울 | B5: 2반 | C5: 남 | D5: 88 | E5: 92 | F5: 90 | H5: A7 의 0 을 지우고 수식을 넣습니다.
A6: 서지호 | B6: 1반 | C6: 남 | D6: 75 | E6: 65 | F6: 70 | H6: 채점 | I6: =IF(NOT(_xlfn.ISFORMULA(A7)),"↖ 0 지우고 수식",IF(COUNTIF(AB7:AB7,TRUE)=1,"✔ 맞음","✘ 다시"))
A7: 0 | AA7: =SUMIFS(D2:D6,B2:B6,"1반",C2:C6,"남") | AB7: =AND(_xlfn.ISFORMULA(A7),IFERROR(ROUND(A7,4)=ROUND(AA7,4),EXACT(A7,AA7)))
H8: 💡 막히면: SUMIFS(합계범위, 조건범위1, 조건1, 조건범위2, 조건2)

Sheet 06 조건에 맞는 것 중 최고
A1: 이름 | B1: 반 | C1: 성별 | D1: 국어 | E1: 영어 | F1: 평균 | H1: 6번 · 조건에 맞는 것 중 최고
A2: 김한별 | B2: 1반 | C2: 남 | D2: 80 | E2: 90 | F2: 85 | H2: 반[B2:B6]이 "2반"인 학생의 영어[E2:E6] 중 가장 높은 점수를 [A7]에 구하시오.
A3: 이보람 | B3: 2반 | C3: 여 | D3: 95 | E3: 85 | F3: 90
A4: 정하늘 | B4: 1반 | C4: 여 | D4: 60 | E4: 70 | F4: 65
A5: 한겨울 | B5: 2반 | C5: 남 | D5: 88 | E5: 92 | F5: 90 | H5: A7 의 0 을 지우고 수식을 넣습니다.
A6: 서지호 | B6: 1반 | C6: 남 | D6: 75 | E6: 65 | F6: 70 | H6: 채점 | I6: =IF(NOT(_xlfn.ISFORMULA(A7)),"↖ 0 지우고 수식",IF(COUNTIF(AB7:AB7,TRUE)=1,"✔ 맞음","✘ 다시"))
A7: 0 | AA7: =_xlfn.MAXIFS(E2:E6,B2:B6,"2반") | AB7: =AND(_xlfn.ISFORMULA(A7),IFERROR(ROUND(A7,4)=ROUND(AA7,4),EXACT(A7,AA7)))
H8: 💡 막히면: MAXIFS(최대범위, 조건범위, 조건) · 최솟값은 MINIFS

Sheet 07 성으로 시작하는 조건
A1: 이름 | B1: 반 | C1: 성별 | D1: 국어 | E1: 영어 | F1: 평균 | H1: 7번 · 성으로 시작하는 조건
A2: 김한별 | B2: 1반 | C2: 남 | D2: 80 | E2: 90 | F2: 85 | H2: 이름[A2:A6]이 "김"으로 시작하고 반[B2:B6]이 "1반"인 학생 수를 [A7]에 구하시오.
A3: 이보람 | B3: 2반 | C3: 여 | D3: 95 | E3: 85 | F3: 90
A4: 정하늘 | B4: 1반 | C4: 여 | D4: 60 | E4: 70 | F4: 65
A5: 한겨울 | B5: 2반 | C5: 남 | D5: 88 | E5: 92 | F5: 90 | H5: A7 의 0 을 지우고 수식을 넣습니다.
A6: 서지호 | B6: 1반 | C6: 남 | D6: 75 | E6: 65 | F6: 70 | H6: 채점 | I6: =IF(NOT(_xlfn.ISFORMULA(A7)),"↖ 0 지우고 수식",IF(COUNTIF(AB7:AB7,TRUE)=1,"✔ 맞음","✘ 다시"))
A7: 0 | AA7: =COUNTIFS(A2:A6,"김*",B2:B6,"1반") | AB7: =AND(_xlfn.ISFORMULA(A7),IFERROR(ROUND(A7,4)=ROUND(AA7,4),EXACT(A7,AA7)))
H8: 💡 막히면: * 는 글자 수에 상관없음. "김*" = 김으로 시작

Sheet 08 라인·분기별 생산 합계 표
A1: 라인 | B1: 분기 | C1: 생산 | E1: 라인 | F1: 분기 | G1: 합계 | I1: 8번 · 라인·분기별 생산 합계 표
A2: A | B2: 1분기 | C2: 320 | E2: A | F2: 1분기 | G2: 0 | I2: 라인[A2:A8]과 분기[B2:B8]가 [E2:F5]의 라인·분기와 같은 것의 생산 합계를 [G2:G5]에 구하시오. (SUMIFS 사용) | AA2: =SUMIFS($C$2:$C$8,$A$2:$A$8,E2,$B$2:$B$8,F2) | AB2: =AND(_xlfn.ISFORMULA(G2),IFERROR(ROUND(G2,4)=ROUND(AA2,4),EXACT(G2,AA2)))
A3: B | B3: 1분기 | C3: 180 | E3: A | F3: 2분기 | G3: 0 | AA3: =SUMIFS($C$2:$C$8,$A$2:$A$8,E3,$B$2:$B$8,F3) | AB3: =AND(_xlfn.ISFORMULA(G3),IFERROR(ROUND(G3,4)=ROUND(AA3,4),EXACT(G3,AA3)))
A4: A | B4: 2분기 | C4: 410 | E4: B | F4: 1분기 | G4: 0 | AA4: =SUMIFS($C$2:$C$8,$A$2:$A$8,E4,$B$2:$B$8,F4) | AB4: =AND(_xlfn.ISFORMULA(G4),IFERROR(ROUND(G4,4)=ROUND(AA4,4),EXACT(G4,AA4)))
A5: B | B5: 2분기 | C5: 250 | E5: B | F5: 2분기 | G5: 0 | I5: ① G2 의 0 을 지우고 수식을 넣습니다. ② 채우기 핸들(칸 오른쪽 아래 ■)을 G5 까지 끌어내립니다. | AA5: =SUMIFS($C$2:$C$8,$A$2:$A$8,E5,$B$2:$B$8,F5) | AB5: =AND(_xlfn.ISFORMULA(G5),IFERROR(ROUND(G5,4)=ROUND(AA5,4),EXACT(G5,AA5)))
A6: A | B6: 1분기 | C6: 150
A7: B | B7: 1분기 | C7: 90 | I7: 채점 | J7: =IF(NOT(_xlfn.ISFORMULA(G2)),"↖ 0 지우고 수식",IF(COUNTIF(AB2:AB5,TRUE)=4,"✔ 맞음","✘ 다시 ("&COUNTIF(AB2:AB5,TRUE)&" / 4칸)"))
A8: A | B8: 2분기 | C8: 60 | I8: 칸마다 따로 채점합니다. 첫 칸만 맞고 아래가 틀리면 — 끌어내릴 때 움직이면 안 되는 주소에 $ 가 있는지 보세요.
I11: 💡 막히면: SUMIFS(합계 범위, 조건 범위1, 조건1, 조건 범위2, 조건2). 조건(E2·F2)만 내려가고 세 범위는 고정.

Sheet 정답
A1: 정답 — 먼저 스스로 풀어 본 뒤에 보세요
A2: [넣을 칸] 의 첫 칸에 이 수식을 넣고, 칸이 여러 개면 끝까지 끌어내리면 됩니다.
A4: 번호 | B4: 문제 | C4: 넣을 칸 | D4: 모범답안 (첫 칸) | E4: 힌트
A5: 1 | B5: 지점과 분기를 모두 만족하는 건수 | C5: A7 | D5: =COUNTIFS(A2:A6,"서울",B2:B6,"1분기") | E5: COUNTIFS(범위1, 조건1, 범위2, 조건2) — 조건을 모두 만족하는 개수
A6: 2 | B6: 조건 두 개를 만족하는 합계 | C6: A7 | D6: =SUMIFS(D2:D6,A2:A6,"서울",B2:B6,"2분기") | E6: SUMIFS는 합계 범위가 맨 앞에 옵니다. SUMIF와 순서가 반대예요.
A7: 3 | B7: 조건에 맞는 평균 | C7: A7 | D7: =AVERAGEIFS(D2:D6,A2:A6,"서울") | E7: AVERAGEIFS(평균범위, 조건범위, 조건)
A8: 4 | B8: 숫자 조건 두 개 | C8: A7 | D8: =COUNTIFS(D2:D6,">=200",D2:D6,"<=400") | E8: 같은 범위를 두 번 써서 위·아래 조건을 겁니다.
A9: 5 | B9: 반과 성별을 모두 만족 | C9: A7 | D9: =SUMIFS(D2:D6,B2:B6,"1반",C2:C6,"남") | E9: SUMIFS(합계범위, 조건범위1, 조건1, 조건범위2, 조건2)
A10: 6 | B10: 조건에 맞는 것 중 최고 | C10: A7 | D10: =MAXIFS(E2:E6,B2:B6,"2반") | E10: MAXIFS(최대범위, 조건범위, 조건) · 최솟값은 MINIFS
A11: 7 | B11: 성으로 시작하는 조건 | C11: A7 | D11: =COUNTIFS(A2:A6,"김*",B2:B6,"1반") | E11: * 는 글자 수에 상관없음. "김*" = 김으로 시작
A12: 8 | B12: 라인·분기별 생산 합계 표 | C12: G2:G5 | D12: =SUMIFS($C$2:$C$8,$A$2:$A$8,E2,$B$2:$B$8,F2) | E12: SUMIFS(합계 범위, 조건 범위1, 조건1, 조건 범위2, 조건2). 조건(E2·F2)만 내려가고 세 범위는 고정.
