Workbook

Sheet 읽어보기
B2: 컴활 1급 실기 · 함수 연습 — 문자열 (11문제)
B3: 웹 「함수 연습소」의 [문자열] 범위와 똑같은 문제입니다. 번호도, 표도, 칸 주소도 같습니다.
B4: 웹에서는 한 문제씩, 여기서는 진짜 엑셀로 한꺼번에 풀어 봅니다.
B5: 푸는 법
B6: ① 아래 시트 탭(01, 02 …)이 문제 하나씩입니다. 오른쪽에 문제가 적혀 있습니다.
B7: ② 노란 칸의 0 을 지우고 = 로 시작하는 수식을 넣습니다.
B8: ③ 노란 칸이 여러 줄이면 — 첫 칸에만 수식을 넣고, 채우기 핸들(칸 오른쪽 아래 ■)을 마지막 노란 칸까지 끌어내립니다.
B9: ④ 오른쪽 [채점] 칸이 ✔ 맞음 / ✘ 다시 로 스스로 바뀝니다. 수식이 달라도 결과가 같으면 맞음입니다.
B10: ⑤ [채점표] 시트에서 전체 진행 상황을, 맨 끝 [정답] 시트에서 모범답안을 볼 수 있습니다.
B11: 사람마다 결과가 달라야 정상입니다. 첫 칸은 맞았는데 아래 칸이 틀린다면, 끌어내리면서 범위나 기준 칸도 같이 내려간 것입니다 — 움직이면 안 되는 주소에 F4 로 $ 를 붙이세요.
B12: 값이 안 바뀌어 보이면 Ctrl + Alt + F9 (전체 다시 계산). 숫자를 손으로 적으면 맞음이 나오지 않습니다.

Sheet 채점표
A1: 채점표 — 문자열 11문제
A3: 번호 | B3: 문제 | C3: 넣을 칸 | D3: 채점
A4: 1 | B4: 학번에서 학년 추출 | C4: B2 → B7 | D4: ='01 학번에서 학년 추출'!I7
A5: 2 | B5: 이름에 호칭 붙이기 | C5: B2 → B7 | D5: ='02 이름에 호칭 붙이기'!I7
A6: 3 | B6: 뒤 2자리 | C6: B2 → B7 | D6: ='03 뒤 2자리'!I7
A7: 4 | B7: 글자 수 | C7: B2 → B7 | D7: ='04 글자 수'!I7
A8: 5 | B8: 가운데 글자 | C8: B2 → B7 | D8: ='05 가운데 글자'!I7
A9: 6 | B9: 괄호로 묶기 | C9: C2 → C6 | D9: ='06 괄호로 묶기'!I7
A10: 7 | B10: FIND로 찾은 위치까지 잘라내기 | C10: B2 → B7 | D10: ='07 FIND로 찾은 위치까지 잘라내기'!I7
A11: 8 | B11: @ 뒤의 도메인만 | C11: B2 → B7 | D11: ='08 @ 뒤의 도메인만'!I7
A12: 9 | B12: REPLACE로 가운데 가리기 | C12: B2 → B6 | D12: ='09 REPLACE로 가운데 가리기'!I7
A13: 10 | B13: 이름과 직급을 붙여 표시 | C13: C2 → C6 | D13: ='10 이름과 직급을 붙여 표시'!I7
A14: 11 | B14: 문자로 된 숫자를 계산에 쓰기 | C14: C2 → C6 | D14: ='11 문자로 된 숫자를 계산에 쓰기'!I7
B16: 맞은 문제 | D16: =COUNTIF(D4:D14,"*맞음*")&" / 11"

Sheet 01 학번에서 학년 추출
A1: 학번 | B1: 입학년도 | H1: 1번 · 학번에서 학년 추출
A2: 24컴활03 | B2: 0 | H2: 학번[A2:A7]의 앞 2글자를 잘라 [B2:B7]에 표시하시오. | AA2: =LEFT(A2,2) | AB2: =AND(_xlfn.ISFORMULA(B2),IFERROR(ROUND(B2,4)=ROUND(AA2,4),EXACT(B2,AA2)))
A3: 23컴활11 | B3: 0 | AA3: =LEFT(A3,2) | AB3: =AND(_xlfn.ISFORMULA(B3),IFERROR(ROUND(B3,4)=ROUND(AA3,4),EXACT(B3,AA3)))
A4: 25정보02 | B4: 0 | AA4: =LEFT(A4,2) | AB4: =AND(_xlfn.ISFORMULA(B4),IFERROR(ROUND(B4,4)=ROUND(AA4,4),EXACT(B4,AA4)))
A5: 24전기19 | B5: 0 | H5: ① B2 의 0 을 지우고 수식을 넣습니다. ② 채우기 핸들(칸 오른쪽 아래 ■)을 B7 까지 끌어내립니다. | AA5: =LEFT(A5,2) | AB5: =AND(_xlfn.ISFORMULA(B5),IFERROR(ROUND(B5,4)=ROUND(AA5,4),EXACT(B5,AA5)))
A6: 22기계07 | B6: 0 | AA6: =LEFT(A6,2) | AB6: =AND(_xlfn.ISFORMULA(B6),IFERROR(ROUND(B6,4)=ROUND(AA6,4),EXACT(B6,AA6)))
A7: 26전자30 | B7: 0 | H7: 채점 | I7: =IF(NOT(_xlfn.ISFORMULA(B2)),"↖ 0 지우고 수식",IF(COUNTIF(AB2:AB7,TRUE)=6,"✔ 맞음","✘ 다시 ("&COUNTIF(AB2:AB7,TRUE)&" / 6칸)")) | AA7: =LEFT(A7,2) | AB7: =AND(_xlfn.ISFORMULA(B7),IFERROR(ROUND(B7,4)=ROUND(AA7,4),EXACT(B7,AA7)))
H8: 칸마다 따로 채점합니다. 첫 칸만 맞고 아래가 틀리면 — 끌어내릴 때 움직이면 안 되는 주소에 $ 가 있는지 보세요.
H11: 💡 막히면: LEFT(문자열, 글자수)

Sheet 02 이름에 호칭 붙이기
A1: 이름 | B1: 표시 | H1: 2번 · 이름에 호칭 붙이기
A2: 김영수 | B2: 0 | H2: 이름[A2:A7] 뒤에 "님"을 붙여 [B2:B7]에 표시하시오. (예: 김영수님) | AA2: =A2&"님" | AB2: =AND(_xlfn.ISFORMULA(B2),IFERROR(ROUND(B2,4)=ROUND(AA2,4),EXACT(B2,AA2)))
A3: 이바다 | B3: 0 | AA3: =A3&"님" | AB3: =AND(_xlfn.ISFORMULA(B3),IFERROR(ROUND(B3,4)=ROUND(AA3,4),EXACT(B3,AA3)))
A4: 박구름 | B4: 0 | AA4: =A4&"님" | AB4: =AND(_xlfn.ISFORMULA(B4),IFERROR(ROUND(B4,4)=ROUND(AA4,4),EXACT(B4,AA4)))
A5: 최나무 | B5: 0 | H5: ① B2 의 0 을 지우고 수식을 넣습니다. ② 채우기 핸들(칸 오른쪽 아래 ■)을 B7 까지 끌어내립니다. | AA5: =A5&"님" | AB5: =AND(_xlfn.ISFORMULA(B5),IFERROR(ROUND(B5,4)=ROUND(AA5,4),EXACT(B5,AA5)))
A6: 정새벽 | B6: 0 | AA6: =A6&"님" | AB6: =AND(_xlfn.ISFORMULA(B6),IFERROR(ROUND(B6,4)=ROUND(AA6,4),EXACT(B6,AA6)))
A7: 한가람 | B7: 0 | H7: 채점 | I7: =IF(NOT(_xlfn.ISFORMULA(B2)),"↖ 0 지우고 수식",IF(COUNTIF(AB2:AB7,TRUE)=6,"✔ 맞음","✘ 다시 ("&COUNTIF(AB2:AB7,TRUE)&" / 6칸)")) | AA7: =A7&"님" | AB7: =AND(_xlfn.ISFORMULA(B7),IFERROR(ROUND(B7,4)=ROUND(AA7,4),EXACT(B7,AA7)))
H8: 칸마다 따로 채점합니다. 첫 칸만 맞고 아래가 틀리면 — 끌어내릴 때 움직이면 안 되는 주소에 $ 가 있는지 보세요.
H11: 💡 막히면: 문자열 결합은 & 연산자. A2&"님"

Sheet 03 뒤 2자리
A1: 코드 | B1: 분류 | H1: 3번 · 뒤 2자리
A2: A2024 | B2: 0 | H2: 코드[A2:A7]의 오른쪽 2글자를 [B2:B7]에 표시하시오. | AA2: =RIGHT(A2,2) | AB2: =AND(_xlfn.ISFORMULA(B2),IFERROR(ROUND(B2,4)=ROUND(AA2,4),EXACT(B2,AA2)))
A3: B1999 | B3: 0 | AA3: =RIGHT(A3,2) | AB3: =AND(_xlfn.ISFORMULA(B3),IFERROR(ROUND(B3,4)=ROUND(AA3,4),EXACT(B3,AA3)))
A4: C2025 | B4: 0 | AA4: =RIGHT(A4,2) | AB4: =AND(_xlfn.ISFORMULA(B4),IFERROR(ROUND(B4,4)=ROUND(AA4,4),EXACT(B4,AA4)))
A5: A2107 | B5: 0 | H5: ① B2 의 0 을 지우고 수식을 넣습니다. ② 채우기 핸들(칸 오른쪽 아래 ■)을 B7 까지 끌어내립니다. | AA5: =RIGHT(A5,2) | AB5: =AND(_xlfn.ISFORMULA(B5),IFERROR(ROUND(B5,4)=ROUND(AA5,4),EXACT(B5,AA5)))
A6: D1488 | B6: 0 | AA6: =RIGHT(A6,2) | AB6: =AND(_xlfn.ISFORMULA(B6),IFERROR(ROUND(B6,4)=ROUND(AA6,4),EXACT(B6,AA6)))
A7: E2000 | B7: 0 | H7: 채점 | I7: =IF(NOT(_xlfn.ISFORMULA(B2)),"↖ 0 지우고 수식",IF(COUNTIF(AB2:AB7,TRUE)=6,"✔ 맞음","✘ 다시 ("&COUNTIF(AB2:AB7,TRUE)&" / 6칸)")) | AA7: =RIGHT(A7,2) | AB7: =AND(_xlfn.ISFORMULA(B7),IFERROR(ROUND(B7,4)=ROUND(AA7,4),EXACT(B7,AA7)))
H8: 칸마다 따로 채점합니다. 첫 칸만 맞고 아래가 틀리면 — 끌어내릴 때 움직이면 안 되는 주소에 $ 가 있는지 보세요.
H11: 💡 막히면: RIGHT(문자열, 글자수)

Sheet 04 글자 수
A1: 단어 | B1: 길이 | H1: 4번 · 글자 수
A2: 컴퓨터활용 | B2: 0 | H2: 단어[A2:A7]의 글자 수를 [B2:B7]에 구하시오. | AA2: =LEN(A2) | AB2: =AND(_xlfn.ISFORMULA(B2),IFERROR(ROUND(B2,4)=ROUND(AA2,4),EXACT(B2,AA2)))
A3: 엑셀 | B3: 0 | AA3: =LEN(A3) | AB3: =AND(_xlfn.ISFORMULA(B3),IFERROR(ROUND(B3,4)=ROUND(AA3,4),EXACT(B3,AA3)))
A4: 스마트 팩토리 | B4: 0 | AA4: =LEN(A4) | AB4: =AND(_xlfn.ISFORMULA(B4),IFERROR(ROUND(B4,4)=ROUND(AA4,4),EXACT(B4,AA4)))
A5: PLC | B5: 0 | H5: ① B2 의 0 을 지우고 수식을 넣습니다. ② 채우기 핸들(칸 오른쪽 아래 ■)을 B7 까지 끌어내립니다. | AA5: =LEN(A5) | AB5: =AND(_xlfn.ISFORMULA(B5),IFERROR(ROUND(B5,4)=ROUND(AA5,4),EXACT(B5,AA5)))
A6: 자동화 설비 | B6: 0 | AA6: =LEN(A6) | AB6: =AND(_xlfn.ISFORMULA(B6),IFERROR(ROUND(B6,4)=ROUND(AA6,4),EXACT(B6,AA6)))
A7: A | B7: 0 | H7: 채점 | I7: =IF(NOT(_xlfn.ISFORMULA(B2)),"↖ 0 지우고 수식",IF(COUNTIF(AB2:AB7,TRUE)=6,"✔ 맞음","✘ 다시 ("&COUNTIF(AB2:AB7,TRUE)&" / 6칸)")) | AA7: =LEN(A7) | AB7: =AND(_xlfn.ISFORMULA(B7),IFERROR(ROUND(B7,4)=ROUND(AA7,4),EXACT(B7,AA7)))
H8: 칸마다 따로 채점합니다. 첫 칸만 맞고 아래가 틀리면 — 끌어내릴 때 움직이면 안 되는 주소에 $ 가 있는지 보세요.
H11: 💡 막히면: LEN(문자열)

Sheet 05 가운데 글자
A1: 주민앞 | B1: 월 | H1: 5번 · 가운데 글자
A2: 990312 | B2: 0 | H2: 생년월일 앞 6자리[A2:A7]에서 3~4번째 두 글자(월)를 [B2:B7]에 표시하시오. | AA2: =MID(A2,3,2) | AB2: =AND(_xlfn.ISFORMULA(B2),IFERROR(ROUND(B2,4)=ROUND(AA2,4),EXACT(B2,AA2)))
A3: 051109 | B3: 0 | AA3: =MID(A3,3,2) | AB3: =AND(_xlfn.ISFORMULA(B3),IFERROR(ROUND(B3,4)=ROUND(AA3,4),EXACT(B3,AA3)))
A4: 001231 | B4: 0 | AA4: =MID(A4,3,2) | AB4: =AND(_xlfn.ISFORMULA(B4),IFERROR(ROUND(B4,4)=ROUND(AA4,4),EXACT(B4,AA4)))
A5: 970701 | B5: 0 | H5: ① B2 의 0 을 지우고 수식을 넣습니다. ② 채우기 핸들(칸 오른쪽 아래 ■)을 B7 까지 끌어내립니다. | AA5: =MID(A5,3,2) | AB5: =AND(_xlfn.ISFORMULA(B5),IFERROR(ROUND(B5,4)=ROUND(AA5,4),EXACT(B5,AA5)))
A6: 080228 | B6: 0 | AA6: =MID(A6,3,2) | AB6: =AND(_xlfn.ISFORMULA(B6),IFERROR(ROUND(B6,4)=ROUND(AA6,4),EXACT(B6,AA6)))
A7: 100515 | B7: 0 | H7: 채점 | I7: =IF(NOT(_xlfn.ISFORMULA(B2)),"↖ 0 지우고 수식",IF(COUNTIF(AB2:AB7,TRUE)=6,"✔ 맞음","✘ 다시 ("&COUNTIF(AB2:AB7,TRUE)&" / 6칸)")) | AA7: =MID(A7,3,2) | AB7: =AND(_xlfn.ISFORMULA(B7),IFERROR(ROUND(B7,4)=ROUND(AA7,4),EXACT(B7,AA7)))
H8: 칸마다 따로 채점합니다. 첫 칸만 맞고 아래가 틀리면 — 끌어내릴 때 움직이면 안 되는 주소에 $ 가 있는지 보세요.
H11: 💡 막히면: MID(문자열, 시작위치, 글자수)

Sheet 06 괄호로 묶기
A1: 이름 | B1: 부서 | C1: 표시 | H1: 6번 · 괄호로 묶기
A2: 김철수 | B2: 영업 | C2: 0 | H2: "이름(부서)" 형태로 [C2:C6]에 표시하시오. (예: 김철수(영업)) | AA2: =A2&"("&B2&")" | AB2: =AND(_xlfn.ISFORMULA(C2),IFERROR(ROUND(C2,4)=ROUND(AA2,4),EXACT(C2,AA2)))
A3: 이바다 | B3: 기획 | C3: 0 | AA3: =A3&"("&B3&")" | AB3: =AND(_xlfn.ISFORMULA(C3),IFERROR(ROUND(C3,4)=ROUND(AA3,4),EXACT(C3,AA3)))
A4: 박구름 | B4: 생산 | C4: 0 | AA4: =A4&"("&B4&")" | AB4: =AND(_xlfn.ISFORMULA(C4),IFERROR(ROUND(C4,4)=ROUND(AA4,4),EXACT(C4,AA4)))
A5: 최나무 | B5: 품질 | C5: 0 | H5: ① C2 의 0 을 지우고 수식을 넣습니다. ② 채우기 핸들(칸 오른쪽 아래 ■)을 C6 까지 끌어내립니다. | AA5: =A5&"("&B5&")" | AB5: =AND(_xlfn.ISFORMULA(C5),IFERROR(ROUND(C5,4)=ROUND(AA5,4),EXACT(C5,AA5)))
A6: 정새벽 | B6: 보전 | C6: 0 | AA6: =A6&"("&B6&")" | AB6: =AND(_xlfn.ISFORMULA(C6),IFERROR(ROUND(C6,4)=ROUND(AA6,4),EXACT(C6,AA6)))
H7: 채점 | I7: =IF(NOT(_xlfn.ISFORMULA(C2)),"↖ 0 지우고 수식",IF(COUNTIF(AB2:AB6,TRUE)=5,"✔ 맞음","✘ 다시 ("&COUNTIF(AB2:AB6,TRUE)&" / 5칸)"))
H8: 칸마다 따로 채점합니다. 첫 칸만 맞고 아래가 틀리면 — 끌어내릴 때 움직이면 안 되는 주소에 $ 가 있는지 보세요.
H11: 💡 막히면: 문자열과 셀을 &로 이어 붙임.

Sheet 07 FIND로 찾은 위치까지 잘라내기
A1: 메일주소 | B1: 아이디 | H1: 7번 · FIND로 찾은 위치까지 잘라내기
A2: hanbyul@school.kr | B2: 0 | H2: 메일주소[A2:A7]에서 @ 앞부분(아이디)만 [B2:B7]에 표시하시오. | AA2: =LEFT(A2,FIND("@",A2)-1) | AB2: =AND(_xlfn.ISFORMULA(B2),IFERROR(ROUND(B2,4)=ROUND(AA2,4),EXACT(B2,AA2)))
A3: gureum@factory.co.kr | B3: 0 | AA3: =LEFT(A3,FIND("@",A3)-1) | AB3: =AND(_xlfn.ISFORMULA(B3),IFERROR(ROUND(B3,4)=ROUND(AA3,4),EXACT(B3,AA3)))
A4: a@b.kr | B4: 0 | AA4: =LEFT(A4,FIND("@",A4)-1) | AB4: =AND(_xlfn.ISFORMULA(B4),IFERROR(ROUND(B4,4)=ROUND(AA4,4),EXACT(B4,AA4)))
A5: plc_master@school.kr | B5: 0 | H5: ① B2 의 0 을 지우고 수식을 넣습니다. ② 채우기 핸들(칸 오른쪽 아래 ■)을 B7 까지 끌어내립니다. | AA5: =LEFT(A5,FIND("@",A5)-1) | AB5: =AND(_xlfn.ISFORMULA(B5),IFERROR(ROUND(B5,4)=ROUND(AA5,4),EXACT(B5,AA5)))
A6: nam.u@mail.net | B6: 0 | AA6: =LEFT(A6,FIND("@",A6)-1) | AB6: =AND(_xlfn.ISFORMULA(B6),IFERROR(ROUND(B6,4)=ROUND(AA6,4),EXACT(B6,AA6)))
A7: cnc01@ggmt.hs.kr | B7: 0 | H7: 채점 | I7: =IF(NOT(_xlfn.ISFORMULA(B2)),"↖ 0 지우고 수식",IF(COUNTIF(AB2:AB7,TRUE)=6,"✔ 맞음","✘ 다시 ("&COUNTIF(AB2:AB7,TRUE)&" / 6칸)")) | AA7: =LEFT(A7,FIND("@",A7)-1) | AB7: =AND(_xlfn.ISFORMULA(B7),IFERROR(ROUND(B7,4)=ROUND(AA7,4),EXACT(B7,AA7)))
H8: 칸마다 따로 채점합니다. 첫 칸만 맞고 아래가 틀리면 — 끌어내릴 때 움직이면 안 되는 주소에 $ 가 있는지 보세요.
H11: 💡 막히면: FIND로 @ 위치를 찾고, 그보다 1 적은 만큼 왼쪽에서 잘라냅니다.

Sheet 08 @ 뒤의 도메인만
A1: 메일주소 | B1: 도메인 | H1: 8번 · @ 뒤의 도메인만
A2: hanbyul@school.kr | B2: 0 | H2: 메일주소[A2:A7]에서 @ 뒷부분(도메인)만 [B2:B7]에 표시하시오. | AA2: =MID(A2,FIND("@",A2)+1,LEN(A2)) | AB2: =AND(_xlfn.ISFORMULA(B2),IFERROR(ROUND(B2,4)=ROUND(AA2,4),EXACT(B2,AA2)))
A3: gureum@factory.co.kr | B3: 0 | AA3: =MID(A3,FIND("@",A3)+1,LEN(A3)) | AB3: =AND(_xlfn.ISFORMULA(B3),IFERROR(ROUND(B3,4)=ROUND(AA3,4),EXACT(B3,AA3)))
A4: a@b.kr | B4: 0 | AA4: =MID(A4,FIND("@",A4)+1,LEN(A4)) | AB4: =AND(_xlfn.ISFORMULA(B4),IFERROR(ROUND(B4,4)=ROUND(AA4,4),EXACT(B4,AA4)))
A5: plc_master@school.kr | B5: 0 | H5: ① B2 의 0 을 지우고 수식을 넣습니다. ② 채우기 핸들(칸 오른쪽 아래 ■)을 B7 까지 끌어내립니다. | AA5: =MID(A5,FIND("@",A5)+1,LEN(A5)) | AB5: =AND(_xlfn.ISFORMULA(B5),IFERROR(ROUND(B5,4)=ROUND(AA5,4),EXACT(B5,AA5)))
A6: nam.u@mail.net | B6: 0 | AA6: =MID(A6,FIND("@",A6)+1,LEN(A6)) | AB6: =AND(_xlfn.ISFORMULA(B6),IFERROR(ROUND(B6,4)=ROUND(AA6,4),EXACT(B6,AA6)))
A7: cnc01@ggmt.hs.kr | B7: 0 | H7: 채점 | I7: =IF(NOT(_xlfn.ISFORMULA(B2)),"↖ 0 지우고 수식",IF(COUNTIF(AB2:AB7,TRUE)=6,"✔ 맞음","✘ 다시 ("&COUNTIF(AB2:AB7,TRUE)&" / 6칸)")) | AA7: =MID(A7,FIND("@",A7)+1,LEN(A7)) | AB7: =AND(_xlfn.ISFORMULA(B7),IFERROR(ROUND(B7,4)=ROUND(AA7,4),EXACT(B7,AA7)))
H8: 칸마다 따로 채점합니다. 첫 칸만 맞고 아래가 틀리면 — 끌어내릴 때 움직이면 안 되는 주소에 $ 가 있는지 보세요.
H11: 💡 막히면: MID(문자열, @위치+1, 넉넉한 길이)

Sheet 09 REPLACE로 가운데 가리기
A1: 주민번호 | B1: 표시 | H1: 9번 · REPLACE로 가운데 가리기
A2: 990101-1234567 | B2: 0 | H2: 주민번호[A2:A6]의 9번째부터 6글자를 "******"로 바꿔 [B2:B6]에 표시하시오. | AA2: =REPLACE(A2,9,6,"******") | AB2: =AND(_xlfn.ISFORMULA(B2),IFERROR(ROUND(B2,4)=ROUND(AA2,4),EXACT(B2,AA2)))
A3: 050608-4123456 | B3: 0 | AA3: =REPLACE(A3,9,6,"******") | AB3: =AND(_xlfn.ISFORMULA(B3),IFERROR(ROUND(B3,4)=ROUND(AA3,4),EXACT(B3,AA3)))
A4: 981231-2000001 | B4: 0 | AA4: =REPLACE(A4,9,6,"******") | AB4: =AND(_xlfn.ISFORMULA(B4),IFERROR(ROUND(B4,4)=ROUND(AA4,4),EXACT(B4,AA4)))
A5: 101010-3456789 | B5: 0 | H5: ① B2 의 0 을 지우고 수식을 넣습니다. ② 채우기 핸들(칸 오른쪽 아래 ■)을 B6 까지 끌어내립니다. | AA5: =REPLACE(A5,9,6,"******") | AB5: =AND(_xlfn.ISFORMULA(B5),IFERROR(ROUND(B5,4)=ROUND(AA5,4),EXACT(B5,AA5)))
A6: 070707-1777777 | B6: 0 | AA6: =REPLACE(A6,9,6,"******") | AB6: =AND(_xlfn.ISFORMULA(B6),IFERROR(ROUND(B6,4)=ROUND(AA6,4),EXACT(B6,AA6)))
H7: 채점 | I7: =IF(NOT(_xlfn.ISFORMULA(B2)),"↖ 0 지우고 수식",IF(COUNTIF(AB2:AB6,TRUE)=5,"✔ 맞음","✘ 다시 ("&COUNTIF(AB2:AB6,TRUE)&" / 5칸)"))
H8: 칸마다 따로 채점합니다. 첫 칸만 맞고 아래가 틀리면 — 끌어내릴 때 움직이면 안 되는 주소에 $ 가 있는지 보세요.
H11: 💡 막히면: REPLACE(문자열, 시작위치, 바꿀 개수, 새 문자열)

Sheet 10 이름과 직급을 붙여 표시
A1: 이름 | B1: 직급 | C1: 표시 | H1: 10번 · 이름과 직급을 붙여 표시
A2: 김한별 | B2: 과장 | C2: 0 | H2: 이름[A2:A6]과 직급[B2:B6]을 "김한별 과장"처럼 가운데 공백을 넣어 [C2:C6]에 표시하시오. | AA2: =A2&" "&B2 | AB2: =AND(_xlfn.ISFORMULA(C2),IFERROR(ROUND(C2,4)=ROUND(AA2,4),EXACT(C2,AA2)))
A3: 이보람 | B3: 대리 | C3: 0 | AA3: =A3&" "&B3 | AB3: =AND(_xlfn.ISFORMULA(C3),IFERROR(ROUND(C3,4)=ROUND(AA3,4),EXACT(C3,AA3)))
A4: 정하늘 | B4: 사원 | C4: 0 | AA4: =A4&" "&B4 | AB4: =AND(_xlfn.ISFORMULA(C4),IFERROR(ROUND(C4,4)=ROUND(AA4,4),EXACT(C4,AA4)))
A5: 한겨울 | B5: 부장 | C5: 0 | H5: ① C2 의 0 을 지우고 수식을 넣습니다. ② 채우기 핸들(칸 오른쪽 아래 ■)을 C6 까지 끌어내립니다. | AA5: =A5&" "&B5 | AB5: =AND(_xlfn.ISFORMULA(C5),IFERROR(ROUND(C5,4)=ROUND(AA5,4),EXACT(C5,AA5)))
A6: 서지호 | B6: 차장 | C6: 0 | AA6: =A6&" "&B6 | AB6: =AND(_xlfn.ISFORMULA(C6),IFERROR(ROUND(C6,4)=ROUND(AA6,4),EXACT(C6,AA6)))
H7: 채점 | I7: =IF(NOT(_xlfn.ISFORMULA(C2)),"↖ 0 지우고 수식",IF(COUNTIF(AB2:AB6,TRUE)=5,"✔ 맞음","✘ 다시 ("&COUNTIF(AB2:AB6,TRUE)&" / 5칸)"))
H8: 칸마다 따로 채점합니다. 첫 칸만 맞고 아래가 틀리면 — 끌어내릴 때 움직이면 안 되는 주소에 $ 가 있는지 보세요.
H11: 💡 막히면: & 로 이어 붙입니다. 공백도 " " 처럼 문자로 넣어야 해요.

Sheet 11 문자로 된 숫자를 계산에 쓰기
A1: 수량(문자) | B1: 단가 | C1: 금액 | H1: 11번 · 문자로 된 숫자를 계산에 쓰기
A2: 15 | B2: 200 | C2: 0 | H2: 문자로 입력된 수량[A2:A6]을 숫자로 바꿔 단가[B2:B6]와 곱한 금액을 [C2:C6]에 구하시오. | AA2: =VALUE(A2)*B2 | AB2: =AND(_xlfn.ISFORMULA(C2),IFERROR(ROUND(C2,4)=ROUND(AA2,4),EXACT(C2,AA2)))
A3: 8 | B3: 1500 | C3: 0 | AA3: =VALUE(A3)*B3 | AB3: =AND(_xlfn.ISFORMULA(C3),IFERROR(ROUND(C3,4)=ROUND(AA3,4),EXACT(C3,AA3)))
A4: 120 | B4: 35 | C4: 0 | AA4: =VALUE(A4)*B4 | AB4: =AND(_xlfn.ISFORMULA(C4),IFERROR(ROUND(C4,4)=ROUND(AA4,4),EXACT(C4,AA4)))
A5: 0 | B5: 900 | C5: 0 | H5: ① C2 의 0 을 지우고 수식을 넣습니다. ② 채우기 핸들(칸 오른쪽 아래 ■)을 C6 까지 끌어내립니다. | AA5: =VALUE(A5)*B5 | AB5: =AND(_xlfn.ISFORMULA(C5),IFERROR(ROUND(C5,4)=ROUND(AA5,4),EXACT(C5,AA5)))
A6: 3 | B6: 12000 | C6: 0 | AA6: =VALUE(A6)*B6 | AB6: =AND(_xlfn.ISFORMULA(C6),IFERROR(ROUND(C6,4)=ROUND(AA6,4),EXACT(C6,AA6)))
H7: 채점 | I7: =IF(NOT(_xlfn.ISFORMULA(C2)),"↖ 0 지우고 수식",IF(COUNTIF(AB2:AB6,TRUE)=5,"✔ 맞음","✘ 다시 ("&COUNTIF(AB2:AB6,TRUE)&" / 5칸)"))
H8: 칸마다 따로 채점합니다. 첫 칸만 맞고 아래가 틀리면 — 끌어내릴 때 움직이면 안 되는 주소에 $ 가 있는지 보세요.
H11: 💡 막히면: VALUE(문자) → 숫자

Sheet 정답
A1: 정답 — 먼저 스스로 풀어 본 뒤에 보세요
A2: [넣을 칸] 의 첫 칸에 이 수식을 넣고, 칸이 여러 개면 끝까지 끌어내리면 됩니다.
A4: 번호 | B4: 문제 | C4: 넣을 칸 | D4: 모범답안 (첫 칸) | E4: 힌트
A5: 1 | B5: 학번에서 학년 추출 | C5: B2:B7 | D5: =LEFT(A2,2) | E5: LEFT(문자열, 글자수)
A6: 2 | B6: 이름에 호칭 붙이기 | C6: B2:B7 | D6: =A2&"님" | E6: 문자열 결합은 & 연산자. A2&"님"
A7: 3 | B7: 뒤 2자리 | C7: B2:B7 | D7: =RIGHT(A2,2) | E7: RIGHT(문자열, 글자수)
A8: 4 | B8: 글자 수 | C8: B2:B7 | D8: =LEN(A2) | E8: LEN(문자열)
A9: 5 | B9: 가운데 글자 | C9: B2:B7 | D9: =MID(A2,3,2) | E9: MID(문자열, 시작위치, 글자수)
A10: 6 | B10: 괄호로 묶기 | C10: C2:C6 | D10: =A2&"("&B2&")" | E10: 문자열과 셀을 &로 이어 붙임.
A11: 7 | B11: FIND로 찾은 위치까지 잘라내기 | C11: B2:B7 | D11: =LEFT(A2,FIND("@",A2)-1) | E11: FIND로 @ 위치를 찾고, 그보다 1 적은 만큼 왼쪽에서 잘라냅니다.
A12: 8 | B12: @ 뒤의 도메인만 | C12: B2:B7 | D12: =MID(A2,FIND("@",A2)+1,LEN(A2)) | E12: MID(문자열, @위치+1, 넉넉한 길이)
A13: 9 | B13: REPLACE로 가운데 가리기 | C13: B2:B6 | D13: =REPLACE(A2,9,6,"******") | E13: REPLACE(문자열, 시작위치, 바꿀 개수, 새 문자열)
A14: 10 | B14: 이름과 직급을 붙여 표시 | C14: C2:C6 | D14: =A2&" "&B2 | E14: & 로 이어 붙입니다. 공백도 " " 처럼 문자로 넣어야 해요.
A15: 11 | B15: 문자로 된 숫자를 계산에 쓰기 | C15: C2:C6 | D15: =VALUE(A2)*B2 | E15: VALUE(문자) → 숫자
