Workbook

Sheet 읽어보기
B2: 컴활 1급 실기 · 함수 연습 — 통계 (15문제)
B3: 웹 「함수 연습소」의 [통계] 범위와 똑같은 문제입니다. 번호도, 표도, 칸 주소도 같습니다.
B4: 웹에서는 한 문제씩, 여기서는 진짜 엑셀로 한꺼번에 풀어 봅니다.
B5: 푸는 법
B6: ① 아래 시트 탭(01, 02 …)이 문제 하나씩입니다. 오른쪽에 문제가 적혀 있습니다.
B7: ② 노란 칸의 0 을 지우고 = 로 시작하는 수식을 넣습니다.
B8: ③ 노란 칸이 여러 줄이면 — 첫 칸에만 수식을 넣고, 채우기 핸들(칸 오른쪽 아래 ■)을 마지막 노란 칸까지 끌어내립니다.
B9: ④ 오른쪽 [채점] 칸이 ✔ 맞음 / ✘ 다시 로 스스로 바뀝니다. 수식이 달라도 결과가 같으면 맞음입니다.
B10: ⑤ [채점표] 시트에서 전체 진행 상황을, 맨 끝 [정답] 시트에서 모범답안을 볼 수 있습니다.
B11: 사람마다 결과가 달라야 정상입니다. 첫 칸은 맞았는데 아래 칸이 틀린다면, 끌어내리면서 범위나 기준 칸도 같이 내려간 것입니다 — 움직이면 안 되는 주소에 F4 로 $ 를 붙이세요.
B12: 값이 안 바뀌어 보이면 Ctrl + Alt + F9 (전체 다시 계산). 숫자를 손으로 적으면 맞음이 나오지 않습니다.

Sheet 채점표
A1: 채점표 — 통계 15문제
A3: 번호 | B3: 문제 | C3: 넣을 칸 | D3: 채점
A4: 1 | B4: 평균 반올림 | C4: E2 → E6 | D4: ='01 평균 반올림'!I7
A5: 2 | B5: 총점 순위 | C5: C2 → C5 | D5: ='02 총점 순위'!I7
A6: 3 | B6: 2등 점수 | C6: B6 | D6: ='03 2등 점수'!I6
A7: 4 | B7: 최고 점수 | C7: B6 | D7: ='04 최고 점수'!I6
A8: 5 | B8: 최저 점수 | C8: B6 | D8: ='05 최저 점수'!I6
A9: 6 | B9: 기록 순위(오름차순) | C9: C2 → C5 | D9: ='06 기록 순위오름차순'!I7
A10: 7 | B10: 응시 인원 | C10: B6 | D10: ='07 응시 인원'!I6
A11: 8 | B11: 미응시 인원 | C11: B6 | D11: ='08 미응시 인원'!I6
A12: 9 | B12: 최저에서 2번째 | C12: B6 | D12: ='09 최저에서 2번째'!I6
A13: 10 | B13: 중앙값 | C13: B7 | D13: ='10 중앙값'!I6
A14: 11 | B14: 가장 많이 나온 값 | C14: A7 | D14: ='11 가장 많이 나온 값'!I6
A15: 12 | B15: 표준편차 | C15: A7 | D15: ='12 표준편차'!I6
A16: 13 | B16: 상위 3개의 합계 | C16: A7 | D16: ='13 상위 3개의 합계'!I6
A17: 14 | B17: 순위를 매기고 1등만 표시 | C17: C2 → C4 | D17: ='14 순위를 매기고 1등만 표시'!I7
A18: 15 | B18: 문자도 0으로 세는 평균 | C18: B5 | D18: ='15 문자도 0으로 세는 평균'!I6
B20: 맞은 문제 | D20: =COUNTIF(D4:D18,"*맞음*")&" / 15"

Sheet 01 평균 반올림
A1: 이름 | B1: 국어 | C1: 영어 | D1: 수학 | E1: 평균 | H1: 1번 · 평균 반올림
A2: 박서준 | B2: 88 | C2: 91 | D2: 79 | E2: 0 | H2: 국어~수학[B2:D6]의 평균을 구해 소수 첫째 자리까지 반올림하여 [E2:E6]에 표시하시오. | AA2: =ROUND(AVERAGE(B2:D2),1) | AB2: =AND(_xlfn.ISFORMULA(E2),IFERROR(ROUND(E2,4)=ROUND(AA2,4),EXACT(E2,AA2)))
A3: 김지안 | B3: 70 | C3: 75 | D3: 80 | E3: 0 | AA3: =ROUND(AVERAGE(B3:D3),1) | AB3: =AND(_xlfn.ISFORMULA(E3),IFERROR(ROUND(E3,4)=ROUND(AA3,4),EXACT(E3,AA3)))
A4: 이하준 | B4: 95 | C4: 100 | D4: 92 | E4: 0 | AA4: =ROUND(AVERAGE(B4:D4),1) | AB4: =AND(_xlfn.ISFORMULA(E4),IFERROR(ROUND(E4,4)=ROUND(AA4,4),EXACT(E4,AA4)))
A5: 정예준 | B5: 63 | C5: 58 | D5: 71 | E5: 0 | H5: ① E2 의 0 을 지우고 수식을 넣습니다. ② 채우기 핸들(칸 오른쪽 아래 ■)을 E6 까지 끌어내립니다. | AA5: =ROUND(AVERAGE(B5:D5),1) | AB5: =AND(_xlfn.ISFORMULA(E5),IFERROR(ROUND(E5,4)=ROUND(AA5,4),EXACT(E5,AA5)))
A6: 최수빈 | B6: 88 | C6: 88 | D6: 89 | E6: 0 | AA6: =ROUND(AVERAGE(B6:D6),1) | AB6: =AND(_xlfn.ISFORMULA(E6),IFERROR(ROUND(E6,4)=ROUND(AA6,4),EXACT(E6,AA6)))
H7: 채점 | I7: =IF(NOT(_xlfn.ISFORMULA(E2)),"↖ 0 지우고 수식",IF(COUNTIF(AB2:AB6,TRUE)=5,"✔ 맞음","✘ 다시 ("&COUNTIF(AB2:AB6,TRUE)&" / 5칸)"))
H8: 칸마다 따로 채점합니다. 첫 칸만 맞고 아래가 틀리면 — 끌어내릴 때 움직이면 안 되는 주소에 $ 가 있는지 보세요.
H11: 💡 막히면: ROUND(AVERAGE(범위), 1)

Sheet 02 총점 순위
A1: 이름 | B1: 총점 | C1: 순위 | H1: 2번 · 총점 순위
A2: 김철수 | B2: 255 | C2: 0 | H2: 총점[B2:B5] 기준 순위를 [C2:C5]에 구하시오. (전체 범위 B2:B5는 절대참조, 높은 점수가 1등) | AA2: =RANK(B2,$B$2:$B$5) | AB2: =AND(_xlfn.ISFORMULA(C2),IFERROR(ROUND(C2,4)=ROUND(AA2,4),EXACT(C2,AA2)))
A3: 이영희 | B3: 225 | C3: 0 | AA3: =RANK(B3,$B$2:$B$5) | AB3: =AND(_xlfn.ISFORMULA(C3),IFERROR(ROUND(C3,4)=ROUND(AA3,4),EXACT(C3,AA3)))
A4: 박민수 | B4: 250 | C4: 0 | AA4: =RANK(B4,$B$2:$B$5) | AB4: =AND(_xlfn.ISFORMULA(C4),IFERROR(ROUND(C4,4)=ROUND(AA4,4),EXACT(C4,AA4)))
A5: 최지우 | B5: 155 | C5: 0 | H5: ① C2 의 0 을 지우고 수식을 넣습니다. ② 채우기 핸들(칸 오른쪽 아래 ■)을 C5 까지 끌어내립니다. | AA5: =RANK(B5,$B$2:$B$5) | AB5: =AND(_xlfn.ISFORMULA(C5),IFERROR(ROUND(C5,4)=ROUND(AA5,4),EXACT(C5,AA5)))
H7: 채점 | I7: =IF(NOT(_xlfn.ISFORMULA(C2)),"↖ 0 지우고 수식",IF(COUNTIF(AB2:AB5,TRUE)=4,"✔ 맞음","✘ 다시 ("&COUNTIF(AB2:AB5,TRUE)&" / 4칸)"))
H8: 칸마다 따로 채점합니다. 첫 칸만 맞고 아래가 틀리면 — 끌어내릴 때 움직이면 안 되는 주소에 $ 가 있는지 보세요.
H11: 💡 막히면: RANK(순위를 구할 값, $범위$). 세 번째 인수 생략 또는 0이면 내림차순(1등=최고점).

Sheet 03 2등 점수
A1: 이름 | B1: 점수 | H1: 3번 · 2등 점수
A2: A | B2: 88 | H2: 점수[B2:B5] 중 두 번째로 높은 값을 [B6]에 구하시오.
A3: B | B3: 95
A4: C | B4: 76
A5: D | B5: 91 | H5: B6 의 0 을 지우고 수식을 넣습니다.
A6: 2등 점수 | B6: 0 | H6: 채점 | I6: =IF(NOT(_xlfn.ISFORMULA(B6)),"↖ 0 지우고 수식",IF(COUNTIF(AB6:AB6,TRUE)=1,"✔ 맞음","✘ 다시")) | AA6: =LARGE(B2:B5,2) | AB6: =AND(_xlfn.ISFORMULA(B6),IFERROR(ROUND(B6,4)=ROUND(AA6,4),EXACT(B6,AA6)))
H8: 💡 막히면: LARGE(범위, 2). 가장 높은 값은 LARGE(범위,1).

Sheet 04 최고 점수
A1: 이름 | B1: 점수 | H1: 4번 · 최고 점수
A2: A | B2: 78 | H2: 점수[B2:B5] 중 가장 높은 값을 [B6]에 구하시오.
A3: B | B3: 95
A4: C | B4: 84
A5: D | B5: 66 | H5: B6 의 0 을 지우고 수식을 넣습니다.
A6: 최고점 | B6: 0 | H6: 채점 | I6: =IF(NOT(_xlfn.ISFORMULA(B6)),"↖ 0 지우고 수식",IF(COUNTIF(AB6:AB6,TRUE)=1,"✔ 맞음","✘ 다시")) | AA6: =MAX(B2:B5) | AB6: =AND(_xlfn.ISFORMULA(B6),IFERROR(ROUND(B6,4)=ROUND(AA6,4),EXACT(B6,AA6)))
H8: 💡 막히면: MAX(범위)

Sheet 05 최저 점수
A1: 이름 | B1: 점수 | H1: 5번 · 최저 점수
A2: A | B2: 78 | H2: 점수[B2:B5] 중 가장 낮은 값을 [B6]에 구하시오.
A3: B | B3: 95
A4: C | B4: 84
A5: D | B5: 66 | H5: B6 의 0 을 지우고 수식을 넣습니다.
A6: 최저점 | B6: 0 | H6: 채점 | I6: =IF(NOT(_xlfn.ISFORMULA(B6)),"↖ 0 지우고 수식",IF(COUNTIF(AB6:AB6,TRUE)=1,"✔ 맞음","✘ 다시")) | AA6: =MIN(B2:B5) | AB6: =AND(_xlfn.ISFORMULA(B6),IFERROR(ROUND(B6,4)=ROUND(AA6,4),EXACT(B6,AA6)))
H8: 💡 막히면: MIN(범위)

Sheet 06 기록 순위오름차순
A1: 선수 | B1: 기록 | C1: 순위 | H1: 6번 · 기록 순위(오름차순)
A2: A | B2: 13.2 | C2: 0 | H2: 달리기 기록[B2:B5]이 작을수록 1등입니다. 순위를 [C2:C5]에 구하시오. (범위 B2:B5 절대참조) | AA2: =RANK(B2,$B$2:$B$5,1) | AB2: =AND(_xlfn.ISFORMULA(C2),IFERROR(ROUND(C2,4)=ROUND(AA2,4),EXACT(C2,AA2)))
A3: B | B3: 12.8 | C3: 0 | AA3: =RANK(B3,$B$2:$B$5,1) | AB3: =AND(_xlfn.ISFORMULA(C3),IFERROR(ROUND(C3,4)=ROUND(AA3,4),EXACT(C3,AA3)))
A4: C | B4: 14.1 | C4: 0 | AA4: =RANK(B4,$B$2:$B$5,1) | AB4: =AND(_xlfn.ISFORMULA(C4),IFERROR(ROUND(C4,4)=ROUND(AA4,4),EXACT(C4,AA4)))
A5: D | B5: 13 | C5: 0 | H5: ① C2 의 0 을 지우고 수식을 넣습니다. ② 채우기 핸들(칸 오른쪽 아래 ■)을 C5 까지 끌어내립니다. | AA5: =RANK(B5,$B$2:$B$5,1) | AB5: =AND(_xlfn.ISFORMULA(C5),IFERROR(ROUND(C5,4)=ROUND(AA5,4),EXACT(C5,AA5)))
H7: 채점 | I7: =IF(NOT(_xlfn.ISFORMULA(C2)),"↖ 0 지우고 수식",IF(COUNTIF(AB2:AB5,TRUE)=4,"✔ 맞음","✘ 다시 ("&COUNTIF(AB2:AB5,TRUE)&" / 4칸)"))
H8: 칸마다 따로 채점합니다. 첫 칸만 맞고 아래가 틀리면 — 끌어내릴 때 움직이면 안 되는 주소에 $ 가 있는지 보세요.
H11: 💡 막히면: 세 번째 인수를 1로 주면 오름차순(작은 값이 1등).

Sheet 07 응시 인원
A1: 이름 | B1: 점수 | H1: 7번 · 응시 인원
A2: A | B2: 88 | H2: 점수[B2:B5]가 입력된(비어있지 않은) 셀의 개수를 [B6]에 구하시오.
A3: B
A4: C | B4: 91
A5: D | H5: B6 의 0 을 지우고 수식을 넣습니다.
A6: 응시 인원 | B6: 0 | H6: 채점 | I6: =IF(NOT(_xlfn.ISFORMULA(B6)),"↖ 0 지우고 수식",IF(COUNTIF(AB6:AB6,TRUE)=1,"✔ 맞음","✘ 다시")) | AA6: =COUNTA(B2:B5) | AB6: =AND(_xlfn.ISFORMULA(B6),IFERROR(ROUND(B6,4)=ROUND(AA6,4),EXACT(B6,AA6)))
H8: 💡 막히면: COUNTA는 비어있지 않은 셀 개수.

Sheet 08 미응시 인원
A1: 이름 | B1: 점수 | H1: 8번 · 미응시 인원
A2: A | B2: 88 | H2: 점수[B2:B5] 중 빈 셀의 개수를 [B6]에 구하시오.
A3: B
A4: C | B4: 91
A5: D | H5: B6 의 0 을 지우고 수식을 넣습니다.
A6: 미응시 | B6: 0 | H6: 채점 | I6: =IF(NOT(_xlfn.ISFORMULA(B6)),"↖ 0 지우고 수식",IF(COUNTIF(AB6:AB6,TRUE)=1,"✔ 맞음","✘ 다시")) | AA6: =COUNTBLANK(B2:B5) | AB6: =AND(_xlfn.ISFORMULA(B6),IFERROR(ROUND(B6,4)=ROUND(AA6,4),EXACT(B6,AA6)))
H8: 💡 막히면: COUNTBLANK(범위)

Sheet 09 최저에서 2번째
A1: 이름 | B1: 기록 | H1: 9번 · 최저에서 2번째
A2: A | B2: 55 | H2: 기록[B2:B5] 중 작은 쪽에서 두 번째 값을 [B6]에 구하시오.
A3: B | B3: 48
A4: C | B4: 62
A5: D | B5: 51 | H5: B6 의 0 을 지우고 수식을 넣습니다.
A6: 2번째 작은값 | B6: 0 | H6: 채점 | I6: =IF(NOT(_xlfn.ISFORMULA(B6)),"↖ 0 지우고 수식",IF(COUNTIF(AB6:AB6,TRUE)=1,"✔ 맞음","✘ 다시")) | AA6: =SMALL(B2:B5,2) | AB6: =AND(_xlfn.ISFORMULA(B6),IFERROR(ROUND(B6,4)=ROUND(AA6,4),EXACT(B6,AA6)))
H8: 💡 막히면: SMALL(범위, 2)

Sheet 10 중앙값
A1: 이름 | B1: 점수 | H1: 10번 · 중앙값
A2: A | B2: 70 | H2: 점수[B2:B6]의 중앙값(median)을 [B7]에 구하시오.
A3: B | B3: 90
A4: C | B4: 80
A5: D | B5: 60 | H5: B7 의 0 을 지우고 수식을 넣습니다.
A6: E | B6: 100 | H6: 채점 | I6: =IF(NOT(_xlfn.ISFORMULA(B7)),"↖ 0 지우고 수식",IF(COUNTIF(AB7:AB7,TRUE)=1,"✔ 맞음","✘ 다시"))
A7: 중앙값 | B7: 0 | AA7: =MEDIAN(B2:B6) | AB7: =AND(_xlfn.ISFORMULA(B7),IFERROR(ROUND(B7,4)=ROUND(AA7,4),EXACT(B7,AA7)))
H8: 💡 막히면: MEDIAN(범위)

Sheet 11 가장 많이 나온 값
A1: 응답 | H1: 11번 · 가장 많이 나온 값
A2: 3 | H2: 응답[A2:A6] 중 가장 자주 나온 값을 [A7]에 구하시오.
A3: 5
A4: 3
A5: 4 | H5: A7 의 0 을 지우고 수식을 넣습니다.
A6: 3 | H6: 채점 | I6: =IF(NOT(_xlfn.ISFORMULA(A7)),"↖ 0 지우고 수식",IF(COUNTIF(AB7:AB7,TRUE)=1,"✔ 맞음","✘ 다시"))
A7: 0 | AA7: =_xlfn.MODE.SNGL(A2:A6) | AB7: =AND(_xlfn.ISFORMULA(A7),IFERROR(ROUND(A7,4)=ROUND(AA7,4),EXACT(A7,AA7)))
H8: 💡 막히면: MODE.SNGL(범위) — 최빈값

Sheet 12 표준편차
A1: 점수 | H1: 12번 · 표준편차
A2: 80 | H2: 점수[A2:A6]의 표본 표준편차를 [A7]에 구하시오.
A3: 90
A4: 70
A5: 100 | H5: A7 의 0 을 지우고 수식을 넣습니다.
A6: 60 | H6: 채점 | I6: =IF(NOT(_xlfn.ISFORMULA(A7)),"↖ 0 지우고 수식",IF(COUNTIF(AB7:AB7,TRUE)=1,"✔ 맞음","✘ 다시"))
A7: 0 | AA7: =_xlfn.STDEV.S(A2:A6) | AB7: =AND(_xlfn.ISFORMULA(A7),IFERROR(ROUND(A7,4)=ROUND(AA7,4),EXACT(A7,AA7)))
H8: 💡 막히면: 분산은 VAR.S를 씁니다.

Sheet 13 상위 3개의 합계
A1: 매출 | H1: 13번 · 상위 3개의 합계
A2: 320 | H2: 매출[A2:A6] 중 가장 큰 3개의 합계를 [A7]에 구하시오.
A3: 180
A4: 410
A5: 250 | H5: A7 의 0 을 지우고 수식을 넣습니다.
A6: 150 | H6: 채점 | I6: =IF(NOT(_xlfn.ISFORMULA(A7)),"↖ 0 지우고 수식",IF(COUNTIF(AB7:AB7,TRUE)=1,"✔ 맞음","✘ 다시"))
A7: 0 | AA7: =LARGE(A2:A6,1)+LARGE(A2:A6,2)+LARGE(A2:A6,3) | AB7: =AND(_xlfn.ISFORMULA(A7),IFERROR(ROUND(A7,4)=ROUND(AA7,4),EXACT(A7,AA7)))
H8: 💡 막히면: LARGE(범위, 1) + LARGE(범위, 2) + LARGE(범위, 3)

Sheet 14 순위를 매기고 1등만 표시
A1: 이름 | B1: 점수 | C1: 표시 | H1: 14번 · 순위를 매기고 1등만 표시
A2: 김한별 | B2: 95 | C2: 0 | H2: 점수[B2:B4]의 순위가 1위면 "우승", 아니면 공백("")을 [C2:C4]에 표시하시오. (범위 [B2:B4]) | AA2: =IF(_xlfn.RANK.EQ(B2,$B$2:$B$4)=1,"우승","") | AB2: =AND(_xlfn.ISFORMULA(C2),IFERROR(ROUND(C2,4)=ROUND(AA2,4),EXACT(C2,AA2)))
A3: 이보람 | B3: 88 | C3: 0 | AA3: =IF(_xlfn.RANK.EQ(B3,$B$2:$B$4)=1,"우승","") | AB3: =AND(_xlfn.ISFORMULA(C3),IFERROR(ROUND(C3,4)=ROUND(AA3,4),EXACT(C3,AA3)))
A4: 정하늘 | B4: 70 | C4: 0 | AA4: =IF(_xlfn.RANK.EQ(B4,$B$2:$B$4)=1,"우승","") | AB4: =AND(_xlfn.ISFORMULA(C4),IFERROR(ROUND(C4,4)=ROUND(AA4,4),EXACT(C4,AA4)))
H5: ① C2 의 0 을 지우고 수식을 넣습니다. ② 채우기 핸들(칸 오른쪽 아래 ■)을 C4 까지 끌어내립니다.
H7: 채점 | I7: =IF(NOT(_xlfn.ISFORMULA(C2)),"↖ 0 지우고 수식",IF(COUNTIF(AB2:AB4,TRUE)=3,"✔ 맞음","✘ 다시 ("&COUNTIF(AB2:AB4,TRUE)&" / 3칸)"))
H8: 칸마다 따로 채점합니다. 첫 칸만 맞고 아래가 틀리면 — 끌어내릴 때 움직이면 안 되는 주소에 $ 가 있는지 보세요.
H11: 💡 막히면: 범위는 $로 고정해야 아래로 끌었을 때 안 밀립니다.

Sheet 15 문자도 0으로 세는 평균
A1: 이름 | B1: 점수 | H1: 15번 · 문자도 0으로 세는 평균
A2: 김한별 | B2: 80 | H2: 점수[B2:B4]의 평균을 구하되, 문자("결시")도 0으로 계산해 [B5]에 표시하시오.
A3: 이보람 | B3: 90
A4: 정하늘 | B4: 결시
B5: 0 | H5: B5 의 0 을 지우고 수식을 넣습니다. | AA5: =AVERAGEA(B2:B4) | AB5: =AND(_xlfn.ISFORMULA(B5),IFERROR(ROUND(B5,4)=ROUND(AA5,4),EXACT(B5,AA5)))
H6: 채점 | I6: =IF(NOT(_xlfn.ISFORMULA(B5)),"↖ 0 지우고 수식",IF(COUNTIF(AB5:AB5,TRUE)=1,"✔ 맞음","✘ 다시"))
H8: 💡 막히면: AVERAGE는 문자를 빼고 계산하고, AVERAGEA는 0으로 계산합니다.

Sheet 정답
A1: 정답 — 먼저 스스로 풀어 본 뒤에 보세요
A2: [넣을 칸] 의 첫 칸에 이 수식을 넣고, 칸이 여러 개면 끝까지 끌어내리면 됩니다.
A4: 번호 | B4: 문제 | C4: 넣을 칸 | D4: 모범답안 (첫 칸) | E4: 힌트
A5: 1 | B5: 평균 반올림 | C5: E2:E6 | D5: =ROUND(AVERAGE(B2:D2),1) | E5: ROUND(AVERAGE(범위), 1)
A6: 2 | B6: 총점 순위 | C6: C2:C5 | D6: =RANK(B2,$B$2:$B$5) | E6: RANK(순위를 구할 값, $범위$). 세 번째 인수 생략 또는 0이면 내림차순(1등=최고점).
A7: 3 | B7: 2등 점수 | C7: B6 | D7: =LARGE(B2:B5,2) | E7: LARGE(범위, 2). 가장 높은 값은 LARGE(범위,1).
A8: 4 | B8: 최고 점수 | C8: B6 | D8: =MAX(B2:B5) | E8: MAX(범위)
A9: 5 | B9: 최저 점수 | C9: B6 | D9: =MIN(B2:B5) | E9: MIN(범위)
A10: 6 | B10: 기록 순위(오름차순) | C10: C2:C5 | D10: =RANK(B2,$B$2:$B$5,1) | E10: 세 번째 인수를 1로 주면 오름차순(작은 값이 1등).
A11: 7 | B11: 응시 인원 | C11: B6 | D11: =COUNTA(B2:B5) | E11: COUNTA는 비어있지 않은 셀 개수.
A12: 8 | B12: 미응시 인원 | C12: B6 | D12: =COUNTBLANK(B2:B5) | E12: COUNTBLANK(범위)
A13: 9 | B13: 최저에서 2번째 | C13: B6 | D13: =SMALL(B2:B5,2) | E13: SMALL(범위, 2)
A14: 10 | B14: 중앙값 | C14: B7 | D14: =MEDIAN(B2:B6) | E14: MEDIAN(범위)
A15: 11 | B15: 가장 많이 나온 값 | C15: A7 | D15: =MODE.SNGL(A2:A6) | E15: MODE.SNGL(범위) — 최빈값
A16: 12 | B16: 표준편차 | C16: A7 | D16: =STDEV.S(A2:A6) | E16: 분산은 VAR.S를 씁니다.
... A19: 15 | B19: 문자도 0으로 세는 평균 | C19: B5 | D19: =AVERAGEA(B2:B4) | E19: AVERAGE는 문자를 빼고 계산하고, AVERAGEA는 0으로 계산합니다.
