Workbook

Sheet 읽어보기
B2: 컴활 1급 실기 · 함수 연습 — 배열수식 (9문제)
B3: 웹 「함수 연습소」의 [배열수식] 범위와 똑같은 문제입니다. 번호도, 표도, 칸 주소도 같습니다.
B4: 웹에서는 한 문제씩, 여기서는 진짜 엑셀로 한꺼번에 풀어 봅니다.
B5: 푸는 법
B6: ① 아래 시트 탭(01, 02 …)이 문제 하나씩입니다. 오른쪽에 문제가 적혀 있습니다.
B7: ② 노란 칸의 0 을 지우고 = 로 시작하는 수식을 넣습니다.
B8: ③ 노란 칸이 여러 줄이면 — 첫 칸에만 수식을 넣고, 채우기 핸들(칸 오른쪽 아래 ■)을 마지막 노란 칸까지 끌어내립니다.
B9: ④ 오른쪽 [채점] 칸이 ✔ 맞음 / ✘ 다시 로 스스로 바뀝니다. 수식이 달라도 결과가 같으면 맞음입니다.
B10: ⑤ [채점표] 시트에서 전체 진행 상황을, 맨 끝 [정답] 시트에서 모범답안을 볼 수 있습니다.
B11: 사람마다 결과가 달라야 정상입니다. 첫 칸은 맞았는데 아래 칸이 틀린다면, 끌어내리면서 범위나 기준 칸도 같이 내려간 것입니다 — 움직이면 안 되는 주소에 F4 로 $ 를 붙이세요.
B12: 값이 안 바뀌어 보이면 Ctrl + Alt + F9 (전체 다시 계산). 숫자를 손으로 적으면 맞음이 나오지 않습니다.
A14: 배열 수식은 수식을 다 쓴 뒤 Enter 가 아니라 Ctrl + Shift + Enter 로 마칩니다. 수식 양옆에 { } 가 저절로 붙으면 제대로 들어간 것입니다(직접 치면 안 됩니다).

Sheet 채점표
A1: 채점표 — 배열수식 9문제
A3: 번호 | B3: 문제 | C3: 넣을 칸 | D3: 채점
A4: 1 | B4: 조건 만족 인원(배열) | C4: B6 | D4: ='01 조건 만족 인원배열'!I6
A5: 2 | B5: 조건 만족 합계(배열) | C5: C6 | D5: ='02 조건 만족 합계배열'!I6
A6: 3 | B6: 조건 합계(배열) | C6: C6 | D6: ='03 조건 합계배열'!I6
A7: 4 | B7: 두 조건 개수(배열) | C7: B6 | D7: ='04 두 조건 개수배열'!I6
A8: 5 | B8: 조건에 맞는 것의 평균 (배열) | C8: B6 | D8: ='05 조건에 맞는 것의 평균 배열'!I6
A9: 6 | B9: 두 조건을 만족하는 합계 (배열) | C9: C6 | D9: ='06 두 조건을 만족하는 합계 배열'!I6
A10: 7 | B10: 가장 큰 값의 이름 찾기 (배열) | C10: B6 | D10: ='07 가장 큰 값의 이름 찾기 배열'!I6
A11: 8 | B11: 조건에 맞는 개수 (배열) | C11: C6 | D11: ='08 조건에 맞는 개수 배열'!I6
A12: 9 | B12: 제품별 불량 합계 (배열 수식) | C12: F2 → F4 | D12: ='09 제품별 불량 합계 배열 수식'!I7
B14: 맞은 문제 | D14: =COUNTIF(D4:D12,"*맞음*")&" / 9"

Sheet 01 조건 만족 인원배열
A1: 이름 | B1: 국어 | C1: 영어 | H1: 1번 · 조건 만족 인원(배열)
A2: A | B2: 90 | C2: 85 | H2: 국어[B2:B5]와 영어[C2:C5]가 모두 80 이상인 학생 수를 배열수식으로 [B6]에 구하시오.
A3: B | B3: 70 | C3: 90
A4: C | B4: 85 | C4: 60
A5: D | B5: 95 | C5: 88 | H5: B6 의 0 을 지우고 수식을 넣습니다.
A6: 둘 다 80이상 | B6: 0 | H6: 채점 | I6: =IF(NOT(_xlfn.ISFORMULA(B6)),"↖ 0 지우고 수식",IF(COUNTIF(AB6:AB6,TRUE)=1,"✔ 맞음","✘ 다시")) | AA6: {=SUM((B2:B5>=80)*(C2:C5>=80))} | AB6: =AND(_xlfn.ISFORMULA(B6),IFERROR(ROUND(B6,4)=ROUND(AA6,4),EXACT(B6,AA6)))
H8: 💡 막히면: =SUM((조건1)*(조건2)) 형태. 실제 엑셀에선 Ctrl+Shift+Enter.

Sheet 02 조건 만족 합계배열
A1: 제품 | B1: 분류 | C1: 수량 | H1: 2번 · 조건 만족 합계(배열)
A2: A | B2: 가전 | C2: 30 | H2: 분류[B2:B5]가 "가전"인 제품의 수량[C2:C5] 합계를 배열수식으로 [C6]에 구하시오.
A3: B | B3: 식품 | C3: 20
A4: C | B4: 가전 | C4: 50
A5: D | B5: 가전 | C5: 10 | H5: C6 의 0 을 지우고 수식을 넣습니다.
A6: 가전 수량합 | C6: 0 | H6: 채점 | I6: =IF(NOT(_xlfn.ISFORMULA(C6)),"↖ 0 지우고 수식",IF(COUNTIF(AB6:AB6,TRUE)=1,"✔ 맞음","✘ 다시")) | AA6: {=SUM((B2:B5="가전")*C2:C5)} | AB6: =AND(_xlfn.ISFORMULA(C6),IFERROR(ROUND(C6,4)=ROUND(AA6,4),EXACT(C6,AA6)))
H8: 💡 막히면: =SUM((조건)*합계범위) 형태.

Sheet 03 조건 합계배열
A1: 제품 | B1: 지역 | C1: 수량 | H1: 3번 · 조건 합계(배열)
A2: A | B2: 서울 | C2: 30 | H2: 지역[B2:B5]이 "서울"인 제품의 수량[C2:C5] 합계를 배열수식으로 [C6]에 구하시오.
A3: B | B3: 부산 | C3: 20
A4: C | B4: 서울 | C4: 40
A5: D | B5: 서울 | C5: 10 | H5: C6 의 0 을 지우고 수식을 넣습니다.
A6: 서울 수량합 | C6: 0 | H6: 채점 | I6: =IF(NOT(_xlfn.ISFORMULA(C6)),"↖ 0 지우고 수식",IF(COUNTIF(AB6:AB6,TRUE)=1,"✔ 맞음","✘ 다시")) | AA6: {=SUM((B2:B5="서울")*C2:C5)} | AB6: =AND(_xlfn.ISFORMULA(C6),IFERROR(ROUND(C6,4)=ROUND(AA6,4),EXACT(C6,AA6)))
H8: 💡 막히면: =SUM((조건)*합계범위)

Sheet 04 두 조건 개수배열
A1: 이름 | B1: 국어 | C1: 영어 | H1: 4번 · 두 조건 개수(배열)
A2: A | B2: 85 | C2: 70 | H2: 국어[B2:B5]와 영어[C2:C5]가 모두 80 이상인 학생 수를 배열수식으로 [B6]에 구하시오.
A3: B | B3: 90 | C3: 92
A4: C | B4: 60 | C4: 88
A5: D | B5: 95 | C5: 91 | H5: B6 의 0 을 지우고 수식을 넣습니다.
A6: 둘다 80이상 | B6: 0 | H6: 채점 | I6: =IF(NOT(_xlfn.ISFORMULA(B6)),"↖ 0 지우고 수식",IF(COUNTIF(AB6:AB6,TRUE)=1,"✔ 맞음","✘ 다시")) | AA6: {=SUM((B2:B5>=80)*(C2:C5>=80))} | AB6: =AND(_xlfn.ISFORMULA(B6),IFERROR(ROUND(B6,4)=ROUND(AA6,4),EXACT(B6,AA6)))
H8: 💡 막히면: =SUM((조건1)*(조건2))

Sheet 05 조건에 맞는 것의 평균 배열
A1: 지점 | B1: 매출 | H1: 5번 · 조건에 맞는 것의 평균 (배열)
A2: 서울 | B2: 320 | H2: 지점[A2:A5]이 "서울"인 매출[B2:B5]의 평균을 배열 수식으로 [B6]에 구하시오.
A3: 부산 | B3: 180
A4: 서울 | B4: 400
A5: 부산 | B5: 260 | H5: B6 의 0 을 지우고 수식을 넣습니다.
B6: 0 | H6: 채점 | I6: =IF(NOT(_xlfn.ISFORMULA(B6)),"↖ 0 지우고 수식",IF(COUNTIF(AB6:AB6,TRUE)=1,"✔ 맞음","✘ 다시")) | AA6: {=SUM((A2:A5="서울")*B2:B5)/SUM((A2:A5="서울")*1)} | AB6: =AND(_xlfn.ISFORMULA(B6),IFERROR(ROUND(B6,4)=ROUND(AA6,4),EXACT(B6,AA6)))
H8: 💡 막히면: 조건을 곱해 합을 구하고, 조건 개수로 나눕니다.

Sheet 06 두 조건을 만족하는 합계 배열
A1: 지점 | B1: 분기 | C1: 매출 | H1: 6번 · 두 조건을 만족하는 합계 (배열)
A2: 서울 | B2: 1분기 | C2: 320 | H2: 지점이 "서울"이고 분기가 "1분기"인 매출의 합계를 배열 수식으로 [C6]에 구하시오.
A3: 부산 | B3: 1분기 | C3: 180
A4: 서울 | B4: 2분기 | C4: 400
A5: 서울 | B5: 1분기 | C5: 150 | H5: C6 의 0 을 지우고 수식을 넣습니다.
C6: 0 | H6: 채점 | I6: =IF(NOT(_xlfn.ISFORMULA(C6)),"↖ 0 지우고 수식",IF(COUNTIF(AB6:AB6,TRUE)=1,"✔ 맞음","✘ 다시")) | AA6: {=SUM((A2:A5="서울")*(B2:B5="1분기")*C2:C5)} | AB6: =AND(_xlfn.ISFORMULA(C6),IFERROR(ROUND(C6,4)=ROUND(AA6,4),EXACT(C6,AA6)))
H8: 💡 막히면: 조건끼리 곱하면 그리고(AND)가 됩니다.

Sheet 07 가장 큰 값의 이름 찾기 배열
A1: 이름 | B1: 점수 | H1: 7번 · 가장 큰 값의 이름 찾기 (배열)
A2: 김한별 | B2: 80 | H2: 점수[B2:B5]가 가장 높은 사람의 이름을 [B6]에 구하시오. (INDEX와 MATCH 이용)
A3: 이보람 | B3: 95
A4: 정하늘 | B4: 60
A5: 한겨울 | B5: 88 | H5: B6 의 0 을 지우고 수식을 넣습니다.
B6: 0 | H6: 채점 | I6: =IF(NOT(_xlfn.ISFORMULA(B6)),"↖ 0 지우고 수식",IF(COUNTIF(AB6:AB6,TRUE)=1,"✔ 맞음","✘ 다시")) | AA6: {=INDEX(A2:A5,MATCH(MAX(B2:B5),B2:B5,0))} | AB6: =AND(_xlfn.ISFORMULA(B6),IFERROR(ROUND(B6,4)=ROUND(AA6,4),EXACT(B6,AA6)))
H8: 💡 막히면: MATCH로 몇 번째인지 찾고, INDEX로 그 자리의 값을 꺼냅니다.

Sheet 08 조건에 맞는 개수 배열
A1: 이름 | B1: 국어 | C1: 영어 | H1: 8번 · 조건에 맞는 개수 (배열)
A2: 김한별 | B2: 80 | C2: 90 | H2: 국어와 영어가 모두 85 이상인 학생 수를 배열 수식으로 [C6]에 구하시오.
A3: 이보람 | B3: 95 | C3: 85
A4: 정하늘 | B4: 60 | C4: 70
A5: 한겨울 | B5: 88 | C5: 92 | H5: C6 의 0 을 지우고 수식을 넣습니다.
C6: 0 | H6: 채점 | I6: =IF(NOT(_xlfn.ISFORMULA(C6)),"↖ 0 지우고 수식",IF(COUNTIF(AB6:AB6,TRUE)=1,"✔ 맞음","✘ 다시")) | AA6: {=SUM((B2:B5>=85)*(C2:C5>=85))} | AB6: =AND(_xlfn.ISFORMULA(C6),IFERROR(ROUND(C6,4)=ROUND(AA6,4),EXACT(C6,AA6)))
H8: 💡 막히면: 참(TRUE)은 1, 거짓(FALSE)은 0으로 계산됩니다.

Sheet 09 제품별 불량 합계 배열 수식
A1: 제품 | B1: 라인 | C1: 불량 | E1: 제품 | F1: 불량 합계 | H1: 9번 · 제품별 불량 합계 (배열 수식)
A2: 기어 | B2: A | C2: 12 | E2: 축 | F2: 0 | H2: 제품[A2:A8]이 [E2:E4]의 제품과 같은 것의 불량 합계를 배열 수식으로 [F2:F4]에 구하시오. (SUM 사용) | AA2: {=SUM(($A$2:$A$8=E2)*$C$2:$C$8)} | AB2: =AND(_xlfn.ISFORMULA(F2),IFERROR(ROUND(F2,4)=ROUND(AA2,4),EXACT(F2,AA2)))
A3: 축 | B3: B | C3: 7 | E3: 기어 | F3: 0 | AA3: {=SUM(($A$2:$A$8=E3)*$C$2:$C$8)} | AB3: =AND(_xlfn.ISFORMULA(F3),IFERROR(ROUND(F3,4)=ROUND(AA3,4),EXACT(F3,AA3)))
A4: 기어 | B4: B | C4: 5 | E4: 밸브 | F4: 0 | AA4: {=SUM(($A$2:$A$8=E4)*$C$2:$C$8)} | AB4: =AND(_xlfn.ISFORMULA(F4),IFERROR(ROUND(F4,4)=ROUND(AA4,4),EXACT(F4,AA4)))
A5: 밸브 | B5: A | C5: 9 | H5: ① F2 의 0 을 지우고 수식을 넣습니다. ② 채우기 핸들(칸 오른쪽 아래 ■)을 F4 까지 끌어내립니다.
A6: 축 | B6: A | C6: 3
A7: 기어 | B7: C | C7: 8 | H7: 채점 | I7: =IF(NOT(_xlfn.ISFORMULA(F2)),"↖ 0 지우고 수식",IF(COUNTIF(AB2:AB4,TRUE)=3,"✔ 맞음","✘ 다시 ("&COUNTIF(AB2:AB4,TRUE)&" / 3칸)"))
A8: 밸브 | B8: C | C8: 4 | H8: 칸마다 따로 채점합니다. 첫 칸만 맞고 아래가 틀리면 — 끌어내릴 때 움직이면 안 되는 주소에 $ 가 있는지 보세요.
H11: 💡 막히면: =SUM((조건 범위=조건)*합계 범위). 조건(E2)만 내려가고 두 범위는 고정. 엑셀에서는 Ctrl+Shift+Enter.

Sheet 정답
A1: 정답 — 먼저 스스로 풀어 본 뒤에 보세요
A2: [넣을 칸] 의 첫 칸에 이 수식을 넣고, 칸이 여러 개면 끝까지 끌어내리면 됩니다.
A4: 번호 | B4: 문제 | C4: 넣을 칸 | D4: 모범답안 (첫 칸) | E4: 힌트
A5: 1 | B5: 조건 만족 인원(배열) | C5: B6 | D5: =SUM((B2:B5>=80)*(C2:C5>=80)) | E5: =SUM((조건1)*(조건2)) 형태. 실제 엑셀에선 Ctrl+Shift+Enter.
A6: 2 | B6: 조건 만족 합계(배열) | C6: C6 | D6: =SUM((B2:B5="가전")*C2:C5) | E6: =SUM((조건)*합계범위) 형태.
A7: 3 | B7: 조건 합계(배열) | C7: C6 | D7: =SUM((B2:B5="서울")*C2:C5) | E7: =SUM((조건)*합계범위)
A8: 4 | B8: 두 조건 개수(배열) | C8: B6 | D8: =SUM((B2:B5>=80)*(C2:C5>=80)) | E8: =SUM((조건1)*(조건2))
A9: 5 | B9: 조건에 맞는 것의 평균 (배열) | C9: B6 | D9: =SUM((A2:A5="서울")*B2:B5)/SUM((A2:A5="서울")*1) | E9: 조건을 곱해 합을 구하고, 조건 개수로 나눕니다.
A10: 6 | B10: 두 조건을 만족하는 합계 (배열) | C10: C6 | D10: =SUM((A2:A5="서울")*(B2:B5="1분기")*C2:C5) | E10: 조건끼리 곱하면 그리고(AND)가 됩니다.
A11: 7 | B11: 가장 큰 값의 이름 찾기 (배열) | C11: B6 | D11: =INDEX(A2:A5,MATCH(MAX(B2:B5),B2:B5,0)) | E11: MATCH로 몇 번째인지 찾고, INDEX로 그 자리의 값을 꺼냅니다.
A12: 8 | B12: 조건에 맞는 개수 (배열) | C12: C6 | D12: =SUM((B2:B5>=85)*(C2:C5>=85)) | E12: 참(TRUE)은 1, 거짓(FALSE)은 0으로 계산됩니다.
A13: 9 | B13: 제품별 불량 합계 (배열 수식) | C13: F2:F4 | D13: =SUM(($A$2:$A$8=E2)*$C$2:$C$8) | E13: =SUM((조건 범위=조건)*합계 범위). 조건(E2)만 내려가고 두 범위는 고정. 엑셀에서는 Ctrl+Shift+Enter.
