Workbook

Sheet 읽어보기
B2: 컴활 1급 실기 · 함수 연습 — 논리 (9문제)
B3: 웹 「함수 연습소」의 [논리(IF)] 범위와 똑같은 문제입니다. 번호도, 표도, 칸 주소도 같습니다.
B4: 웹에서는 한 문제씩, 여기서는 진짜 엑셀로 한꺼번에 풀어 봅니다.
B5: 푸는 법
B6: ① 아래 시트 탭(01, 02 …)이 문제 하나씩입니다. 오른쪽에 문제가 적혀 있습니다.
B7: ② 노란 칸의 0 을 지우고 = 로 시작하는 수식을 넣습니다.
B8: ③ 노란 칸이 여러 줄이면 — 첫 칸에만 수식을 넣고, 채우기 핸들(칸 오른쪽 아래 ■)을 마지막 노란 칸까지 끌어내립니다.
B9: ④ 오른쪽 [채점] 칸이 ✔ 맞음 / ✘ 다시 로 스스로 바뀝니다. 수식이 달라도 결과가 같으면 맞음입니다.
B10: ⑤ [채점표] 시트에서 전체 진행 상황을, 맨 끝 [정답] 시트에서 모범답안을 볼 수 있습니다.
B11: 사람마다 결과가 달라야 정상입니다. 첫 칸은 맞았는데 아래 칸이 틀린다면, 끌어내리면서 범위나 기준 칸도 같이 내려간 것입니다 — 움직이면 안 되는 주소에 F4 로 $ 를 붙이세요.
B12: 값이 안 바뀌어 보이면 Ctrl + Alt + F9 (전체 다시 계산). 숫자를 손으로 적으면 맞음이 나오지 않습니다.

Sheet 채점표
A1: 채점표 — 논리 9문제
A3: 번호 | B3: 문제 | C3: 넣을 칸 | D3: 채점
A4: 1 | B4: 합격/재시험 판정 | C4: F2 → F7 | D4: ='01 합격재시험 판정'!I7
A5: 2 | B5: 우수 판정 | C5: E2 → E6 | D5: ='02 우수 판정'!I7
A6: 3 | B6: 달성률(오류 처리) | C6: D2 → D6 | D6: ='03 달성률오류 처리'!I7
A7: 4 | B7: 점수 등급(중첩 IF) | C7: C2 → C7 | D7: ='04 점수 등급중첩 IF'!I7
A8: 5 | B8: 통과 판정(OR) | C8: D2 → D6 | D8: ='05 통과 판정OR'!I7
A9: 6 | B9: 조건 세 개를 중첩 | C9: C2 → C7 | D9: ='06 조건 세 개를 중첩'!I7
A10: 7 | B10: AND와 OR를 같이 | C10: E2 → E6 | D10: ='07 AND와 OR를 같이'!I7
A11: 8 | B11: 나눗셈 오류 막기 | C11: D2 → D6 | D11: ='08 나눗셈 오류 막기'!I7
A12: 9 | B12: 기준 불량률 칸으로 판정 | C12: D2 → D6 | D12: ='09 기준 불량률 칸으로 판정'!I7
B14: 맞은 문제 | D14: =COUNTIF(D4:D12,"*맞음*")&" / 9"

Sheet 01 합격재시험 판정
A1: 이름 | B1: 국어 | C1: 영어 | D1: 수학 | E1: 총점 | F1: 판정 | H1: 1번 · 합격/재시험 판정
A2: 김한별 | B2: 80 | C2: 90 | D2: 75 | E2: 245 | F2: 0 | H2: 총점[E2:E7]이 240 이상이면 "합격", 아니면 "재시험"을 [F2:F7]에 표시하시오. | AA2: =IF(E2>=240,"합격","재시험") | AB2: =AND(_xlfn.ISFORMULA(F2),IFERROR(ROUND(F2,4)=ROUND(AA2,4),EXACT(F2,AA2)))
A3: 이서윤 | B3: 80 | C3: 80 | D3: 80 | E3: 240 | F3: 0 | AA3: =IF(E3>=240,"합격","재시험") | AB3: =AND(_xlfn.ISFORMULA(F3),IFERROR(ROUND(F3,4)=ROUND(AA3,4),EXACT(F3,AA3)))
A4: 박도현 | B4: 70 | C4: 85 | D4: 84 | E4: 239 | F4: 0 | AA4: =IF(E4>=240,"합격","재시험") | AB4: =AND(_xlfn.ISFORMULA(F4),IFERROR(ROUND(F4,4)=ROUND(AA4,4),EXACT(F4,AA4)))
A5: 최민재 | B5: 95 | C5: 90 | D5: 92 | E5: 277 | F5: 0 | H5: ① F2 의 0 을 지우고 수식을 넣습니다. ② 채우기 핸들(칸 오른쪽 아래 ■)을 F7 까지 끌어내립니다. | AA5: =IF(E5>=240,"합격","재시험") | AB5: =AND(_xlfn.ISFORMULA(F5),IFERROR(ROUND(F5,4)=ROUND(AA5,4),EXACT(F5,AA5)))
A6: 정하린 | B6: 60 | C6: 88 | D6: 70 | E6: 218 | F6: 0 | AA6: =IF(E6>=240,"합격","재시험") | AB6: =AND(_xlfn.ISFORMULA(F6),IFERROR(ROUND(F6,4)=ROUND(AA6,4),EXACT(F6,AA6)))
A7: 윤지호 | B7: 81 | C7: 79 | D7: 82 | E7: 242 | F7: 0 | H7: 채점 | I7: =IF(NOT(_xlfn.ISFORMULA(F2)),"↖ 0 지우고 수식",IF(COUNTIF(AB2:AB7,TRUE)=6,"✔ 맞음","✘ 다시 ("&COUNTIF(AB2:AB7,TRUE)&" / 6칸)")) | AA7: =IF(E7>=240,"합격","재시험") | AB7: =AND(_xlfn.ISFORMULA(F7),IFERROR(ROUND(F7,4)=ROUND(AA7,4),EXACT(F7,AA7)))
H8: 칸마다 따로 채점합니다. 첫 칸만 맞고 아래가 틀리면 — 끌어내릴 때 움직이면 안 되는 주소에 $ 가 있는지 보세요.
H11: 💡 막히면: IF(조건, 참일 때, 거짓일 때). 문자는 "큰따옴표"로.

Sheet 02 우수 판정
A1: 이름 | B1: 국어 | C1: 영어 | D1: 수학 | E1: 평가 | H1: 2번 · 우수 판정
A2: 이보람 | B2: 85 | C2: 90 | D2: 80 | E2: 0 | H2: 국어·영어·수학[B2:D6]이 모두 80 이상이면 "우수", 아니면 공백("")을 [E2:E6]에 표시하시오. | AA2: =IF(AND(B2>=80,C2>=80,D2>=80),"우수","") | AB2: =AND(_xlfn.ISFORMULA(E2),IFERROR(ROUND(E2,4)=ROUND(AA2,4),EXACT(E2,AA2)))
A3: 김도윤 | B3: 92 | C3: 78 | D3: 88 | E3: 0 | AA3: =IF(AND(B3>=80,C3>=80,D3>=80),"우수","") | AB3: =AND(_xlfn.ISFORMULA(E3),IFERROR(ROUND(E3,4)=ROUND(AA3,4),EXACT(E3,AA3)))
A4: 최서아 | B4: 80 | C4: 80 | D4: 80 | E4: 0 | AA4: =IF(AND(B4>=80,C4>=80,D4>=80),"우수","") | AB4: =AND(_xlfn.ISFORMULA(E4),IFERROR(ROUND(E4,4)=ROUND(AA4,4),EXACT(E4,AA4)))
A5: 한지민 | B5: 95 | C5: 99 | D5: 79 | E5: 0 | H5: ① E2 의 0 을 지우고 수식을 넣습니다. ② 채우기 핸들(칸 오른쪽 아래 ■)을 E6 까지 끌어내립니다. | AA5: =IF(AND(B5>=80,C5>=80,D5>=80),"우수","") | AB5: =AND(_xlfn.ISFORMULA(E5),IFERROR(ROUND(E5,4)=ROUND(AA5,4),EXACT(E5,AA5)))
A6: 오세훈 | B6: 88 | C6: 83 | D6: 91 | E6: 0 | AA6: =IF(AND(B6>=80,C6>=80,D6>=80),"우수","") | AB6: =AND(_xlfn.ISFORMULA(E6),IFERROR(ROUND(E6,4)=ROUND(AA6,4),EXACT(E6,AA6)))
H7: 채점 | I7: =IF(NOT(_xlfn.ISFORMULA(E2)),"↖ 0 지우고 수식",IF(COUNTIF(AB2:AB6,TRUE)=5,"✔ 맞음","✘ 다시 ("&COUNTIF(AB2:AB6,TRUE)&" / 5칸)"))
H8: 칸마다 따로 채점합니다. 첫 칸만 맞고 아래가 틀리면 — 끌어내릴 때 움직이면 안 되는 주소에 $ 가 있는지 보세요.
H11: 💡 막히면: AND(조건1, 조건2, 조건3)은 모두 참일 때만 TRUE.

Sheet 03 달성률오류 처리
A1: 사원 | B1: 목표 | C1: 실적 | D1: 달성률 | H1: 3번 · 달성률(오류 처리)
A2: 김 | B2: 200 | C2: 180 | D2: 0 | H2: 실적[C2:C6]÷목표[B2:B6]×100을 정수로 반올림해 달성률을 [D2:D6]에 구하되, 오류가 나면 "-"를 표시하시오. | AA2: =IFERROR(ROUND(C2/B2*100,0),"-") | AB2: =AND(_xlfn.ISFORMULA(D2),IFERROR(ROUND(D2,4)=ROUND(AA2,4),EXACT(D2,AA2)))
A3: 이 | B3: 150 | C3: 168 | D3: 0 | AA3: =IFERROR(ROUND(C3/B3*100,0),"-") | AB3: =AND(_xlfn.ISFORMULA(D3),IFERROR(ROUND(D3,4)=ROUND(AA3,4),EXACT(D3,AA3)))
A4: 박 | B4: 0 | C4: 40 | D4: 0 | AA4: =IFERROR(ROUND(C4/B4*100,0),"-") | AB4: =AND(_xlfn.ISFORMULA(D4),IFERROR(ROUND(D4,4)=ROUND(AA4,4),EXACT(D4,AA4)))
A5: 최 | B5: 80 | C5: 80 | D5: 0 | H5: ① D2 의 0 을 지우고 수식을 넣습니다. ② 채우기 핸들(칸 오른쪽 아래 ■)을 D6 까지 끌어내립니다. | AA5: =IFERROR(ROUND(C5/B5*100,0),"-") | AB5: =AND(_xlfn.ISFORMULA(D5),IFERROR(ROUND(D5,4)=ROUND(AA5,4),EXACT(D5,AA5)))
A6: 정 | B6: 300 | C6: 211 | D6: 0 | AA6: =IFERROR(ROUND(C6/B6*100,0),"-") | AB6: =AND(_xlfn.ISFORMULA(D6),IFERROR(ROUND(D6,4)=ROUND(AA6,4),EXACT(D6,AA6)))
H7: 채점 | I7: =IF(NOT(_xlfn.ISFORMULA(D2)),"↖ 0 지우고 수식",IF(COUNTIF(AB2:AB6,TRUE)=5,"✔ 맞음","✘ 다시 ("&COUNTIF(AB2:AB6,TRUE)&" / 5칸)"))
H8: 칸마다 따로 채점합니다. 첫 칸만 맞고 아래가 틀리면 — 끌어내릴 때 움직이면 안 되는 주소에 $ 가 있는지 보세요.
H11: 💡 막히면: IFERROR(수식, "-"). 반올림은 ROUND(값, 0).

Sheet 04 점수 등급중첩 IF
A1: 이름 | B1: 점수 | C1: 등급 | H1: 4번 · 점수 등급(중첩 IF)
A2: 가온 | B2: 92 | C2: 0 | H2: 점수[B2:B7]가 90 이상이면 "A", 80 이상이면 "B", 그 외 "C"를 [C2:C7]에 표시하시오. | AA2: =IF(B2>=90,"A",IF(B2>=80,"B","C")) | AB2: =AND(_xlfn.ISFORMULA(C2),IFERROR(ROUND(C2,4)=ROUND(AA2,4),EXACT(C2,AA2)))
A3: 나래 | B3: 90 | C3: 0 | AA3: =IF(B3>=90,"A",IF(B3>=80,"B","C")) | AB3: =AND(_xlfn.ISFORMULA(C3),IFERROR(ROUND(C3,4)=ROUND(AA3,4),EXACT(C3,AA3)))
A4: 다온 | B4: 79 | C4: 0 | AA4: =IF(B4>=90,"A",IF(B4>=80,"B","C")) | AB4: =AND(_xlfn.ISFORMULA(C4),IFERROR(ROUND(C4,4)=ROUND(AA4,4),EXACT(C4,AA4)))
A5: 라희 | B5: 80 | C5: 0 | H5: ① C2 의 0 을 지우고 수식을 넣습니다. ② 채우기 핸들(칸 오른쪽 아래 ■)을 C7 까지 끌어내립니다. | AA5: =IF(B5>=90,"A",IF(B5>=80,"B","C")) | AB5: =AND(_xlfn.ISFORMULA(C5),IFERROR(ROUND(C5,4)=ROUND(AA5,4),EXACT(C5,AA5)))
A6: 마루 | B6: 55 | C6: 0 | AA6: =IF(B6>=90,"A",IF(B6>=80,"B","C")) | AB6: =AND(_xlfn.ISFORMULA(C6),IFERROR(ROUND(C6,4)=ROUND(AA6,4),EXACT(C6,AA6)))
A7: 바다 | B7: 89 | C7: 0 | H7: 채점 | I7: =IF(NOT(_xlfn.ISFORMULA(C2)),"↖ 0 지우고 수식",IF(COUNTIF(AB2:AB7,TRUE)=6,"✔ 맞음","✘ 다시 ("&COUNTIF(AB2:AB7,TRUE)&" / 6칸)")) | AA7: =IF(B7>=90,"A",IF(B7>=80,"B","C")) | AB7: =AND(_xlfn.ISFORMULA(C7),IFERROR(ROUND(C7,4)=ROUND(AA7,4),EXACT(C7,AA7)))
H8: 칸마다 따로 채점합니다. 첫 칸만 맞고 아래가 틀리면 — 끌어내릴 때 움직이면 안 되는 주소에 $ 가 있는지 보세요.
H11: 💡 막히면: IF 안에 IF를 넣어 세 단계로 판정.

Sheet 05 통과 판정OR
A1: 이름 | B1: 출석 | C1: 과제 | D1: 결과 | H1: 5번 · 통과 판정(OR)
A2: 나래 | B2: 16 | C2: 5 | D2: 0 | H2: 출석[B2:B6]이 15 이상이거나 과제[C2:C6]가 8 이상이면 "통과", 아니면 "미달"을 [D2:D6]에 표시하시오. | AA2: =IF(OR(B2>=15,C2>=8),"통과","미달") | AB2: =AND(_xlfn.ISFORMULA(D2),IFERROR(ROUND(D2,4)=ROUND(AA2,4),EXACT(D2,AA2)))
A3: 다온 | B3: 15 | C3: 3 | D3: 0 | AA3: =IF(OR(B3>=15,C3>=8),"통과","미달") | AB3: =AND(_xlfn.ISFORMULA(D3),IFERROR(ROUND(D3,4)=ROUND(AA3,4),EXACT(D3,AA3)))
A4: 라희 | B4: 10 | C4: 8 | D4: 0 | AA4: =IF(OR(B4>=15,C4>=8),"통과","미달") | AB4: =AND(_xlfn.ISFORMULA(D4),IFERROR(ROUND(D4,4)=ROUND(AA4,4),EXACT(D4,AA4)))
A5: 마루 | B5: 12 | C5: 7 | D5: 0 | H5: ① D2 의 0 을 지우고 수식을 넣습니다. ② 채우기 핸들(칸 오른쪽 아래 ■)을 D6 까지 끌어내립니다. | AA5: =IF(OR(B5>=15,C5>=8),"통과","미달") | AB5: =AND(_xlfn.ISFORMULA(D5),IFERROR(ROUND(D5,4)=ROUND(AA5,4),EXACT(D5,AA5)))
A6: 바다 | B6: 14 | C6: 8 | D6: 0 | AA6: =IF(OR(B6>=15,C6>=8),"통과","미달") | AB6: =AND(_xlfn.ISFORMULA(D6),IFERROR(ROUND(D6,4)=ROUND(AA6,4),EXACT(D6,AA6)))
H7: 채점 | I7: =IF(NOT(_xlfn.ISFORMULA(D2)),"↖ 0 지우고 수식",IF(COUNTIF(AB2:AB6,TRUE)=5,"✔ 맞음","✘ 다시 ("&COUNTIF(AB2:AB6,TRUE)&" / 5칸)"))
H8: 칸마다 따로 채점합니다. 첫 칸만 맞고 아래가 틀리면 — 끌어내릴 때 움직이면 안 되는 주소에 $ 가 있는지 보세요.
H11: 💡 막히면: OR(조건1, 조건2)은 하나라도 참이면 TRUE.

Sheet 06 조건 세 개를 중첩
A1: 이름 | B1: 점수 | C1: 등급 | H1: 6번 · 조건 세 개를 중첩
A2: 김한별 | B2: 76 | C2: 0 | H2: 점수[B2:B7]가 90 이상 "A", 80 이상 "B", 70 이상 "C", 그 외는 "D"를 [C2:C7]에 표시하시오. | AA2: =IF(B2>=90,"A",IF(B2>=80,"B",IF(B2>=70,"C","D"))) | AB2: =AND(_xlfn.ISFORMULA(C2),IFERROR(ROUND(C2,4)=ROUND(AA2,4),EXACT(C2,AA2)))
A3: 이보람 | B3: 90 | C3: 0 | AA3: =IF(B3>=90,"A",IF(B3>=80,"B",IF(B3>=70,"C","D"))) | AB3: =AND(_xlfn.ISFORMULA(C3),IFERROR(ROUND(C3,4)=ROUND(AA3,4),EXACT(C3,AA3)))
A4: 정하늘 | B4: 69 | C4: 0 | AA4: =IF(B4>=90,"A",IF(B4>=80,"B",IF(B4>=70,"C","D"))) | AB4: =AND(_xlfn.ISFORMULA(C4),IFERROR(ROUND(C4,4)=ROUND(AA4,4),EXACT(C4,AA4)))
A5: 한겨울 | B5: 80 | C5: 0 | H5: ① C2 의 0 을 지우고 수식을 넣습니다. ② 채우기 핸들(칸 오른쪽 아래 ■)을 C7 까지 끌어내립니다. | AA5: =IF(B5>=90,"A",IF(B5>=80,"B",IF(B5>=70,"C","D"))) | AB5: =AND(_xlfn.ISFORMULA(C5),IFERROR(ROUND(C5,4)=ROUND(AA5,4),EXACT(C5,AA5)))
A6: 서지호 | B6: 70 | C6: 0 | AA6: =IF(B6>=90,"A",IF(B6>=80,"B",IF(B6>=70,"C","D"))) | AB6: =AND(_xlfn.ISFORMULA(C6),IFERROR(ROUND(C6,4)=ROUND(AA6,4),EXACT(C6,AA6)))
A7: 윤채원 | B7: 100 | C7: 0 | H7: 채점 | I7: =IF(NOT(_xlfn.ISFORMULA(C2)),"↖ 0 지우고 수식",IF(COUNTIF(AB2:AB7,TRUE)=6,"✔ 맞음","✘ 다시 ("&COUNTIF(AB2:AB7,TRUE)&" / 6칸)")) | AA7: =IF(B7>=90,"A",IF(B7>=80,"B",IF(B7>=70,"C","D"))) | AB7: =AND(_xlfn.ISFORMULA(C7),IFERROR(ROUND(C7,4)=ROUND(AA7,4),EXACT(C7,AA7)))
H8: 칸마다 따로 채점합니다. 첫 칸만 맞고 아래가 틀리면 — 끌어내릴 때 움직이면 안 되는 주소에 $ 가 있는지 보세요.
H11: 💡 막히면: 큰 조건부터 차례로 씁니다.

Sheet 07 AND와 OR를 같이
A1: 이름 | B1: 출석 | C1: 과제 | D1: 시험 | E1: 결과 | H1: 7번 · AND와 OR를 같이
A2: 김한별 | B2: 18 | C2: 9 | D2: 55 | E2: 0 | H2: 출석[B2:B6]이 15 이상이고, 과제[C2:C6]가 8 이상이거나 시험[D2:D6]이 60 이상이면 "이수", 아니면 "미이수"를 [E2:E6]에 표시하시오. | AA2: =IF(AND(B2>=15,OR(C2>=8,D2>=60)),"이수","미이수") | AB2: =AND(_xlfn.ISFORMULA(E2),IFERROR(ROUND(E2,4)=ROUND(AA2,4),EXACT(E2,AA2)))
A3: 이보람 | B3: 14 | C3: 10 | D3: 90 | E3: 0 | AA3: =IF(AND(B3>=15,OR(C3>=8,D3>=60)),"이수","미이수") | AB3: =AND(_xlfn.ISFORMULA(E3),IFERROR(ROUND(E3,4)=ROUND(AA3,4),EXACT(E3,AA3)))
A4: 정하늘 | B4: 15 | C4: 7 | D4: 60 | E4: 0 | AA4: =IF(AND(B4>=15,OR(C4>=8,D4>=60)),"이수","미이수") | AB4: =AND(_xlfn.ISFORMULA(E4),IFERROR(ROUND(E4,4)=ROUND(AA4,4),EXACT(E4,AA4)))
A5: 한겨울 | B5: 20 | C5: 5 | D5: 59 | E5: 0 | H5: ① E2 의 0 을 지우고 수식을 넣습니다. ② 채우기 핸들(칸 오른쪽 아래 ■)을 E6 까지 끌어내립니다. | AA5: =IF(AND(B5>=15,OR(C5>=8,D5>=60)),"이수","미이수") | AB5: =AND(_xlfn.ISFORMULA(E5),IFERROR(ROUND(E5,4)=ROUND(AA5,4),EXACT(E5,AA5)))
A6: 서지호 | B6: 15 | C6: 8 | D6: 0 | E6: 0 | AA6: =IF(AND(B6>=15,OR(C6>=8,D6>=60)),"이수","미이수") | AB6: =AND(_xlfn.ISFORMULA(E6),IFERROR(ROUND(E6,4)=ROUND(AA6,4),EXACT(E6,AA6)))
H7: 채점 | I7: =IF(NOT(_xlfn.ISFORMULA(E2)),"↖ 0 지우고 수식",IF(COUNTIF(AB2:AB6,TRUE)=5,"✔ 맞음","✘ 다시 ("&COUNTIF(AB2:AB6,TRUE)&" / 5칸)"))
H8: 칸마다 따로 채점합니다. 첫 칸만 맞고 아래가 틀리면 — 끌어내릴 때 움직이면 안 되는 주소에 $ 가 있는지 보세요.
H11: 💡 막히면: AND 안에 OR를 넣어 묶습니다.

Sheet 08 나눗셈 오류 막기
A1: 이름 | B1: 시도 | C1: 성공 | D1: 성공률 | H1: 8번 · 나눗셈 오류 막기
A2: 김한별 | B2: 0 | C2: 0 | D2: 0 | H2: 성공[C2:C6]÷시도[B2:B6]를 백분율 정수로 구하되, 오류가 나면 0을 [D2:D6]에 표시하시오. | AA2: =IFERROR(ROUND(C2/B2*100,0),0) | AB2: =AND(_xlfn.ISFORMULA(D2),IFERROR(ROUND(D2,4)=ROUND(AA2,4),EXACT(D2,AA2)))
A3: 이보람 | B3: 20 | C3: 17 | D3: 0 | AA3: =IFERROR(ROUND(C3/B3*100,0),0) | AB3: =AND(_xlfn.ISFORMULA(D3),IFERROR(ROUND(D3,4)=ROUND(AA3,4),EXACT(D3,AA3)))
A4: 정하늘 | B4: 8 | C4: 0 | D4: 0 | AA4: =IFERROR(ROUND(C4/B4*100,0),0) | AB4: =AND(_xlfn.ISFORMULA(D4),IFERROR(ROUND(D4,4)=ROUND(AA4,4),EXACT(D4,AA4)))
A5: 한겨울 | B5: 0 | C5: 3 | D5: 0 | H5: ① D2 의 0 을 지우고 수식을 넣습니다. ② 채우기 핸들(칸 오른쪽 아래 ■)을 D6 까지 끌어내립니다. | AA5: =IFERROR(ROUND(C5/B5*100,0),0) | AB5: =AND(_xlfn.ISFORMULA(D5),IFERROR(ROUND(D5,4)=ROUND(AA5,4),EXACT(D5,AA5)))
A6: 서지호 | B6: 3 | C6: 2 | D6: 0 | AA6: =IFERROR(ROUND(C6/B6*100,0),0) | AB6: =AND(_xlfn.ISFORMULA(D6),IFERROR(ROUND(D6,4)=ROUND(AA6,4),EXACT(D6,AA6)))
H7: 채점 | I7: =IF(NOT(_xlfn.ISFORMULA(D2)),"↖ 0 지우고 수식",IF(COUNTIF(AB2:AB6,TRUE)=5,"✔ 맞음","✘ 다시 ("&COUNTIF(AB2:AB6,TRUE)&" / 5칸)"))
H8: 칸마다 따로 채점합니다. 첫 칸만 맞고 아래가 틀리면 — 끌어내릴 때 움직이면 안 되는 주소에 $ 가 있는지 보세요.
H11: 💡 막히면: 0으로 나누면 #DIV/0! 오류가 납니다.

Sheet 09 기준 불량률 칸으로 판정
A1: 라인 | B1: 생산 | C1: 불량 | D1: 판정 | H1: 9번 · 기준 불량률 칸으로 판정
A2: A | B2: 2500 | C2: 30 | D2: 0 | H2: 불량[C2:C6]÷생산[B2:B6]이 기준 불량률[B8] 이하이면 "합격", 아니면 "재검"을 [D2:D6]에 표시하시오. | AA2: =IF(C2/B2<=$B$8,"합격","재검") | AB2: =AND(_xlfn.ISFORMULA(D2),IFERROR(ROUND(D2,4)=ROUND(AA2,4),EXACT(D2,AA2)))
A3: B | B3: 2000 | C3: 50 | D3: 0 | AA3: =IF(C3/B3<=$B$8,"합격","재검") | AB3: =AND(_xlfn.ISFORMULA(D3),IFERROR(ROUND(D3,4)=ROUND(AA3,4),EXACT(D3,AA3)))
A4: C | B4: 2500 | C4: 50 | D4: 0 | AA4: =IF(C4/B4<=$B$8,"합격","재검") | AB4: =AND(_xlfn.ISFORMULA(D4),IFERROR(ROUND(D4,4)=ROUND(AA4,4),EXACT(D4,AA4)))
A5: D | B5: 1600 | C5: 16 | D5: 0 | H5: ① D2 의 0 을 지우고 수식을 넣습니다. ② 채우기 핸들(칸 오른쪽 아래 ■)을 D6 까지 끌어내립니다. | AA5: =IF(C5/B5<=$B$8,"합격","재검") | AB5: =AND(_xlfn.ISFORMULA(D5),IFERROR(ROUND(D5,4)=ROUND(AA5,4),EXACT(D5,AA5)))
A6: E | B6: 2000 | C6: 41 | D6: 0 | AA6: =IF(C6/B6<=$B$8,"합격","재검") | AB6: =AND(_xlfn.ISFORMULA(D6),IFERROR(ROUND(D6,4)=ROUND(AA6,4),EXACT(D6,AA6)))
H7: 채점 | I7: =IF(NOT(_xlfn.ISFORMULA(D2)),"↖ 0 지우고 수식",IF(COUNTIF(AB2:AB6,TRUE)=5,"✔ 맞음","✘ 다시 ("&COUNTIF(AB2:AB6,TRUE)&" / 5칸)"))
A8: 기준 불량률 | B8: 0.02 | H8: 칸마다 따로 채점합니다. 첫 칸만 맞고 아래가 틀리면 — 끌어내릴 때 움직이면 안 되는 주소에 $ 가 있는지 보세요.
H11: 💡 막히면: 끌어내리면 B8 도 B9, B10 … 으로 따라 내려갑니다. 기준 칸은 F4 로 고정하세요.

Sheet 정답
A1: 정답 — 먼저 스스로 풀어 본 뒤에 보세요
A2: [넣을 칸] 의 첫 칸에 이 수식을 넣고, 칸이 여러 개면 끝까지 끌어내리면 됩니다.
A4: 번호 | B4: 문제 | C4: 넣을 칸 | D4: 모범답안 (첫 칸) | E4: 힌트
A5: 1 | B5: 합격/재시험 판정 | C5: F2:F7 | D5: =IF(E2>=240,"합격","재시험") | E5: IF(조건, 참일 때, 거짓일 때). 문자는 "큰따옴표"로.
A6: 2 | B6: 우수 판정 | C6: E2:E6 | D6: =IF(AND(B2>=80,C2>=80,D2>=80),"우수","") | E6: AND(조건1, 조건2, 조건3)은 모두 참일 때만 TRUE.
A7: 3 | B7: 달성률(오류 처리) | C7: D2:D6 | D7: =IFERROR(ROUND(C2/B2*100,0),"-") | E7: IFERROR(수식, "-"). 반올림은 ROUND(값, 0).
A8: 4 | B8: 점수 등급(중첩 IF) | C8: C2:C7 | D8: =IF(B2>=90,"A",IF(B2>=80,"B","C")) | E8: IF 안에 IF를 넣어 세 단계로 판정.
A9: 5 | B9: 통과 판정(OR) | C9: D2:D6 | D9: =IF(OR(B2>=15,C2>=8),"통과","미달") | E9: OR(조건1, 조건2)은 하나라도 참이면 TRUE.
A10: 6 | B10: 조건 세 개를 중첩 | C10: C2:C7 | D10: =IF(B2>=90,"A",IF(B2>=80,"B",IF(B2>=70,"C","D"))) | E10: 큰 조건부터 차례로 씁니다.
A11: 7 | B11: AND와 OR를 같이 | C11: E2:E6 | D11: =IF(AND(B2>=15,OR(C2>=8,D2>=60)),"이수","미이수") | E11: AND 안에 OR를 넣어 묶습니다.
A12: 8 | B12: 나눗셈 오류 막기 | C12: D2:D6 | D12: =IFERROR(ROUND(C2/B2*100,0),0) | E12: 0으로 나누면 #DIV/0! 오류가 납니다.
A13: 9 | B13: 기준 불량률 칸으로 판정 | C13: D2:D6 | D13: =IF(C2/B2<=$B$8,"합격","재검") | E13: 끌어내리면 B8 도 B9, B10 … 으로 따라 내려갑니다. 기준 칸은 F4 로 고정하세요.
