Workbook

Sheet 읽어보기
B2: 컴활 1급 실기 · 함수 연습 — DB함수 (5문제)
B3: 웹 「함수 연습소」의 [데이터베이스] 범위와 똑같은 문제입니다. 번호도, 표도, 칸 주소도 같습니다.
B4: 웹에서는 한 문제씩, 여기서는 진짜 엑셀로 한꺼번에 풀어 봅니다.
B5: 푸는 법
B6: ① 아래 시트 탭(01, 02 …)이 문제 하나씩입니다. 오른쪽에 문제가 적혀 있습니다.
B7: ② 노란 칸의 0 을 지우고 = 로 시작하는 수식을 넣습니다.
B8: ③ 노란 칸이 여러 줄이면 — 첫 칸에만 수식을 넣고, 채우기 핸들(칸 오른쪽 아래 ■)을 마지막 노란 칸까지 끌어내립니다.
B9: ④ 오른쪽 [채점] 칸이 ✔ 맞음 / ✘ 다시 로 스스로 바뀝니다. 수식이 달라도 결과가 같으면 맞음입니다.
B10: ⑤ [채점표] 시트에서 전체 진행 상황을, 맨 끝 [정답] 시트에서 모범답안을 볼 수 있습니다.
B11: 사람마다 결과가 달라야 정상입니다. 첫 칸은 맞았는데 아래 칸이 틀린다면, 끌어내리면서 범위나 기준 칸도 같이 내려간 것입니다 — 움직이면 안 되는 주소에 F4 로 $ 를 붙이세요.
B12: 값이 안 바뀌어 보이면 Ctrl + Alt + F9 (전체 다시 계산). 숫자를 손으로 적으면 맞음이 나오지 않습니다.

Sheet 채점표
A1: 채점표 — DB함수 5문제
A3: 번호 | B3: 문제 | C3: 넣을 칸 | D3: 채점
A4: 1 | B4: DSUM으로 조건부 합계 | C4: C6 | D4: ='01 DSUM으로 조건부 합계'!I6
A5: 2 | B5: DAVERAGE로 조건부 평균 | C5: C6 | D5: ='02 DAVERAGE로 조건부 평균'!I6
A6: 3 | B6: DCOUNTA로 조건에 맞는 개수 | C6: C6 | D6: ='03 DCOUNTA로 조건에 맞는 개수'!I6
A7: 4 | B7: DMAX로 조건부 최댓값 | C7: C6 | D7: ='04 DMAX로 조건부 최댓값'!I6
A8: 5 | B8: 조건이 숫자일 때 | C8: C6 | D8: ='05 조건이 숫자일 때'!I6
B10: 맞은 문제 | D10: =COUNTIF(D4:D8,"*맞음*")&" / 5"

Sheet 01 DSUM으로 조건부 합계
A1: 지점 | B1: 분기 | C1: 매출 | H1: 1번 · DSUM으로 조건부 합계
A2: 서울 | B2: 1분기 | C2: 320 | H2: 조건 범위 [A7:A8](지점=서울)을 이용해 매출 합계를 [C6]에 구하시오. (DSUM 사용)
A3: 부산 | B3: 1분기 | C3: 180
A4: 서울 | B4: 2분기 | C4: 410
A5: 부산 | B5: 2분기 | C5: 250 | H5: C6 의 0 을 지우고 수식을 넣습니다.
C6: 0 | H6: 채점 | I6: =IF(NOT(_xlfn.ISFORMULA(C6)),"↖ 0 지우고 수식",IF(COUNTIF(AB6:AB6,TRUE)=1,"✔ 맞음","✘ 다시")) | AA6: =DSUM(A1:C5,3,A7:A8) | AB6: =AND(_xlfn.ISFORMULA(C6),IFERROR(ROUND(C6,4)=ROUND(AA6,4),EXACT(C6,AA6)))
A7: 지점
A8: 서울 | H8: 💡 막히면: DSUM(전체표, 계산할 열, 조건범위) · 열은 번호(3) 또는 "매출"로 씁니다.

Sheet 02 DAVERAGE로 조건부 평균
A1: 이름 | B1: 반 | C1: 점수 | H1: 2번 · DAVERAGE로 조건부 평균
A2: 김한별 | B2: 1반 | C2: 80 | H2: 조건 범위 [A7:A8](반=1반)을 이용해 점수 평균을 [C6]에 구하시오. (DAVERAGE 사용)
A3: 이보람 | B3: 2반 | C3: 95
A4: 정하늘 | B4: 1반 | C4: 60
A5: 한겨울 | B5: 2반 | C5: 88 | H5: C6 의 0 을 지우고 수식을 넣습니다.
C6: 0 | H6: 채점 | I6: =IF(NOT(_xlfn.ISFORMULA(C6)),"↖ 0 지우고 수식",IF(COUNTIF(AB6:AB6,TRUE)=1,"✔ 맞음","✘ 다시")) | AA6: =DAVERAGE(A1:C5,"점수",A7:A8) | AB6: =AND(_xlfn.ISFORMULA(C6),IFERROR(ROUND(C6,4)=ROUND(AA6,4),EXACT(C6,AA6)))
A7: 반
A8: 1반 | H8: 💡 막히면: 열 이름을 큰따옴표로 써도 되고 번호로 써도 됩니다.

Sheet 03 DCOUNTA로 조건에 맞는 개수
A1: 이름 | B1: 부서 | C1: 급여 | H1: 3번 · DCOUNTA로 조건에 맞는 개수
A2: 김한별 | B2: 영업 | C2: 320 | H2: 조건 범위 [A7:A8](부서=영업)에 맞는 사람 수를 [C6]에 구하시오. (DCOUNTA 사용)
A3: 이보람 | B3: 기획 | C3: 280
A4: 정하늘 | B4: 영업 | C4: 350
A5: 한겨울 | B5: 영업 | C5: 300 | H5: C6 의 0 을 지우고 수식을 넣습니다.
C6: 0 | H6: 채점 | I6: =IF(NOT(_xlfn.ISFORMULA(C6)),"↖ 0 지우고 수식",IF(COUNTIF(AB6:AB6,TRUE)=1,"✔ 맞음","✘ 다시")) | AA6: =DCOUNTA(A1:C5,1,A7:A8) | AB6: =AND(_xlfn.ISFORMULA(C6),IFERROR(ROUND(C6,4)=ROUND(AA6,4),EXACT(C6,AA6)))
A7: 부서
A8: 영업 | H8: 💡 막히면: DCOUNT는 숫자가 든 셀만, DCOUNTA는 비어 있지 않은 셀을 셉니다.

Sheet 04 DMAX로 조건부 최댓값
A1: 제품 | B1: 분류 | C1: 단가 | H1: 4번 · DMAX로 조건부 최댓값
A2: 노트북 | B2: 전자 | C2: 1200 | H2: 조건 범위 [A7:A8](분류=가구)에 맞는 가장 비싼 단가를 [C6]에 구하시오.
A3: 책상 | B3: 가구 | C3: 150
A4: 모니터 | B4: 전자 | C4: 300
A5: 의자 | B5: 가구 | C5: 80 | H5: C6 의 0 을 지우고 수식을 넣습니다.
C6: 0 | H6: 채점 | I6: =IF(NOT(_xlfn.ISFORMULA(C6)),"↖ 0 지우고 수식",IF(COUNTIF(AB6:AB6,TRUE)=1,"✔ 맞음","✘ 다시")) | AA6: =DMAX(A1:C5,3,A7:A8) | AB6: =AND(_xlfn.ISFORMULA(C6),IFERROR(ROUND(C6,4)=ROUND(AA6,4),EXACT(C6,AA6)))
A7: 분류
A8: 가구 | H8: 💡 막히면: 가장 싼 값은 DMIN을 씁니다.

Sheet 05 조건이 숫자일 때
A1: 이름 | B1: 부서 | C1: 급여 | H1: 5번 · 조건이 숫자일 때
A2: 김한별 | B2: 영업 | C2: 320 | H2: 급여가 300 이상인 사람의 급여 합계를 [C6]에 구하시오. (조건 범위 [A7:A8] 이용)
A3: 이보람 | B3: 기획 | C3: 280
A4: 정하늘 | B4: 영업 | C4: 350
A5: 한겨울 | B5: 기획 | C5: 300 | H5: C6 의 0 을 지우고 수식을 넣습니다.
C6: 0 | H6: 채점 | I6: =IF(NOT(_xlfn.ISFORMULA(C6)),"↖ 0 지우고 수식",IF(COUNTIF(AB6:AB6,TRUE)=1,"✔ 맞음","✘ 다시")) | AA6: =DSUM(A1:C5,"급여",A7:A8) | AB6: =AND(_xlfn.ISFORMULA(C6),IFERROR(ROUND(C6,4)=ROUND(AA6,4),EXACT(C6,AA6)))
A7: 급여
A8: >=300 | H8: 💡 막히면: 조건 칸에 >=300 처럼 부등호를 그대로 씁니다.

Sheet 정답
A1: 정답 — 먼저 스스로 풀어 본 뒤에 보세요
A2: [넣을 칸] 의 첫 칸에 이 수식을 넣고, 칸이 여러 개면 끝까지 끌어내리면 됩니다.
A4: 번호 | B4: 문제 | C4: 넣을 칸 | D4: 모범답안 (첫 칸) | E4: 힌트
A5: 1 | B5: DSUM으로 조건부 합계 | C5: C6 | D5: =DSUM(A1:C5,3,A7:A8) | E5: DSUM(전체표, 계산할 열, 조건범위) · 열은 번호(3) 또는 "매출"로 씁니다.
A6: 2 | B6: DAVERAGE로 조건부 평균 | C6: C6 | D6: =DAVERAGE(A1:C5,"점수",A7:A8) | E6: 열 이름을 큰따옴표로 써도 되고 번호로 써도 됩니다.
A7: 3 | B7: DCOUNTA로 조건에 맞는 개수 | C7: C6 | D7: =DCOUNTA(A1:C5,1,A7:A8) | E7: DCOUNT는 숫자가 든 셀만, DCOUNTA는 비어 있지 않은 셀을 셉니다.
A8: 4 | B8: DMAX로 조건부 최댓값 | C8: C6 | D8: =DMAX(A1:C5,3,A7:A8) | E8: 가장 싼 값은 DMIN을 씁니다.
A9: 5 | B9: 조건이 숫자일 때 | C9: C6 | D9: =DSUM(A1:C5,"급여",A7:A8) | E9: 조건 칸에 >=300 처럼 부등호를 그대로 씁니다.
