Workbook

Sheet 읽어보기
B2: 컴활 1급 실기 · 함수 연습 — 찾기참조 (10문제)
B3: 웹 「함수 연습소」의 [찾기·참조] 범위와 똑같은 문제입니다. 번호도, 표도, 칸 주소도 같습니다.
B4: 웹에서는 한 문제씩, 여기서는 진짜 엑셀로 한꺼번에 풀어 봅니다.
B5: 푸는 법
B6: ① 아래 시트 탭(01, 02 …)이 문제 하나씩입니다. 오른쪽에 문제가 적혀 있습니다.
B7: ② 노란 칸의 0 을 지우고 = 로 시작하는 수식을 넣습니다.
B8: ③ 노란 칸이 여러 줄이면 — 첫 칸에만 수식을 넣고, 채우기 핸들(칸 오른쪽 아래 ■)을 마지막 노란 칸까지 끌어내립니다.
B9: ④ 오른쪽 [채점] 칸이 ✔ 맞음 / ✘ 다시 로 스스로 바뀝니다. 수식이 달라도 결과가 같으면 맞음입니다.
B10: ⑤ [채점표] 시트에서 전체 진행 상황을, 맨 끝 [정답] 시트에서 모범답안을 볼 수 있습니다.
B11: 사람마다 결과가 달라야 정상입니다. 첫 칸은 맞았는데 아래 칸이 틀린다면, 끌어내리면서 범위나 기준 칸도 같이 내려간 것입니다 — 움직이면 안 되는 주소에 F4 로 $ 를 붙이세요.
B12: 값이 안 바뀌어 보이면 Ctrl + Alt + F9 (전체 다시 계산). 숫자를 손으로 적으면 맞음이 나오지 않습니다.

Sheet 채점표
A1: 채점표 — 찾기참조 10문제
A3: 번호 | B3: 문제 | C3: 넣을 칸 | D3: 채점
A4: 1 | B4: 점수로 등급 찾기 | C4: C2 → C7 | D4: ='01 점수로 등급 찾기'!I7
A5: 2 | B5: 사번으로 이름 찾기 | C5: E2 → E5 | D5: ='02 사번으로 이름 찾기'!I7
A6: 3 | B6: 가로 표에서 찾기 | C6: D4 | D6: ='03 가로 표에서 찾기'!I6
A7: 4 | B7: INDEX+MATCH | C7: B6 | D7: ='04 INDEX+MATCH'!I6
A8: 5 | B8: 코드로 요일 | C8: B2 → B7 | D8: ='05 코드로 요일'!I7
A9: 6 | B9: INDEX + MATCH로 가로세로 찾기 | C9: B5 | D9: ='06 INDEX + MATCH로 가로세로 찾기'!I6
A10: 7 | B10: VLOOKUP과 IFERROR 함께 | C10: B6 | D10: ='07 VLOOKUP과 IFERROR 함께'!I6
A11: 8 | B11: HLOOKUP 구간 조회 | C11: B4 | D11: ='08 HLOOKUP 구간 조회'!I6
A12: 9 | B12: CHOOSE로 번호에 맞는 값 | C12: C2 → C6 | D12: ='09 CHOOSE로 번호에 맞는 값'!I7
A13: 10 | B13: 행·열 두 방향으로 찾기 | C13: H2 → H5 | D13: ='10 행·열 두 방향으로 찾기'!K7
B15: 맞은 문제 | D15: =COUNTIF(D4:D13,"*맞음*")&" / 10"

Sheet 01 점수로 등급 찾기
A1: 이름 | B1: 점수 | C1: 등급 | E1: [기준표] | H1: 1번 · 점수로 등급 찾기
A2: 홍길동 | B2: 82 | C2: 0 | E2: 0 | F2: F | H2: 점수[B2:B7]를 기준표[E2:F6]에서 찾아 해당 등급을 [C2:C7]에 표시하시오. (기준표는 오름차순, 근사값 조회) | AA2: =VLOOKUP(B2,$E$2:$F$6,2,TRUE) | AB2: =AND(_xlfn.ISFORMULA(C2),IFERROR(ROUND(C2,4)=ROUND(AA2,4),EXACT(C2,AA2)))
A3: 김하늘 | B3: 60 | C3: 0 | E3: 60 | F3: D | AA3: =VLOOKUP(B3,$E$2:$F$6,2,TRUE) | AB3: =AND(_xlfn.ISFORMULA(C3),IFERROR(ROUND(C3,4)=ROUND(AA3,4),EXACT(C3,AA3)))
A4: 이바다 | B4: 59 | C4: 0 | E4: 70 | F4: C | AA4: =VLOOKUP(B4,$E$2:$F$6,2,TRUE) | AB4: =AND(_xlfn.ISFORMULA(C4),IFERROR(ROUND(C4,4)=ROUND(AA4,4),EXACT(C4,AA4)))
A5: 박구름 | B5: 90 | C5: 0 | E5: 80 | F5: B | H5: ① C2 의 0 을 지우고 수식을 넣습니다. ② 채우기 핸들(칸 오른쪽 아래 ■)을 C7 까지 끌어내립니다. | AA5: =VLOOKUP(B5,$E$2:$F$6,2,TRUE) | AB5: =AND(_xlfn.ISFORMULA(C5),IFERROR(ROUND(C5,4)=ROUND(AA5,4),EXACT(C5,AA5)))
A6: 최나무 | B6: 79 | C6: 0 | E6: 90 | F6: A | AA6: =VLOOKUP(B6,$E$2:$F$6,2,TRUE) | AB6: =AND(_xlfn.ISFORMULA(C6),IFERROR(ROUND(C6,4)=ROUND(AA6,4),EXACT(C6,AA6)))
A7: 정새벽 | B7: 100 | C7: 0 | H7: 채점 | I7: =IF(NOT(_xlfn.ISFORMULA(C2)),"↖ 0 지우고 수식",IF(COUNTIF(AB2:AB7,TRUE)=6,"✔ 맞음","✘ 다시 ("&COUNTIF(AB2:AB7,TRUE)&" / 6칸)")) | AA7: =VLOOKUP(B7,$E$2:$F$6,2,TRUE) | AB7: =AND(_xlfn.ISFORMULA(C7),IFERROR(ROUND(C7,4)=ROUND(AA7,4),EXACT(C7,AA7)))
H8: 칸마다 따로 채점합니다. 첫 칸만 맞고 아래가 틀리면 — 끌어내릴 때 움직이면 안 되는 주소에 $ 가 있는지 보세요.
H11: 💡 막히면: VLOOKUP(찾을값, $기준표$, 열번호, TRUE). 등급은 기준표의 2번째 열.

Sheet 02 사번으로 이름 찾기
A1: 사번 | B1: 이름 | D1: 조회사번 | E1: 결과 | H1: 2번 · 사번으로 이름 찾기
A2: 101 | B2: 김 | D2: 103 | E2: 0 | H2: 조회사번[D2:D5]과 정확히 일치하는 사번을 [A2:B5]에서 찾아 이름을 [E2:E5]에 표시하시오. (찾을 범위는 끌어내려도 움직이지 않아야 합니다) | AA2: =VLOOKUP(D2,$A$2:$B$5,2,FALSE) | AB2: =AND(_xlfn.ISFORMULA(E2),IFERROR(ROUND(E2,4)=ROUND(AA2,4),EXACT(E2,AA2)))
A3: 102 | B3: 이 | D3: 101 | E3: 0 | AA3: =VLOOKUP(D3,$A$2:$B$5,2,FALSE) | AB3: =AND(_xlfn.ISFORMULA(E3),IFERROR(ROUND(E3,4)=ROUND(AA3,4),EXACT(E3,AA3)))
A4: 103 | B4: 박 | D4: 104 | E4: 0 | AA4: =VLOOKUP(D4,$A$2:$B$5,2,FALSE) | AB4: =AND(_xlfn.ISFORMULA(E4),IFERROR(ROUND(E4,4)=ROUND(AA4,4),EXACT(E4,AA4)))
A5: 104 | B5: 최 | D5: 102 | E5: 0 | H5: ① E2 의 0 을 지우고 수식을 넣습니다. ② 채우기 핸들(칸 오른쪽 아래 ■)을 E5 까지 끌어내립니다. | AA5: =VLOOKUP(D5,$A$2:$B$5,2,FALSE) | AB5: =AND(_xlfn.ISFORMULA(E5),IFERROR(ROUND(E5,4)=ROUND(AA5,4),EXACT(E5,AA5)))
H7: 채점 | I7: =IF(NOT(_xlfn.ISFORMULA(E2)),"↖ 0 지우고 수식",IF(COUNTIF(AB2:AB5,TRUE)=4,"✔ 맞음","✘ 다시 ("&COUNTIF(AB2:AB5,TRUE)&" / 4칸)"))
H8: 칸마다 따로 채점합니다. 첫 칸만 맞고 아래가 틀리면 — 끌어내릴 때 움직이면 안 되는 주소에 $ 가 있는지 보세요.
H11: 💡 막히면: 정확히 일치는 네 번째 인수 FALSE(또는 0).

Sheet 03 가로 표에서 찾기
A1: 구분 | B1: 봄 | C1: 여름 | D1: 가을 | E1: 겨울 | H1: 3번 · 가로 표에서 찾기
A2: 평균기온 | B2: 12 | C2: 26 | D2: 15 | E2: 1 | H2: 조회 계절[B4]을 첫 행[A1:E1]에서 찾아 2행의 평균기온을 [D4]에 표시하시오.
A4: 조회 | B4: 가을 | C4: 기온 | D4: 0 | AA4: =HLOOKUP(B4,$A$1:$E$2,2,FALSE) | AB4: =AND(_xlfn.ISFORMULA(D4),IFERROR(ROUND(D4,4)=ROUND(AA4,4),EXACT(D4,AA4)))
H5: D4 의 0 을 지우고 수식을 넣습니다.
H6: 채점 | I6: =IF(NOT(_xlfn.ISFORMULA(D4)),"↖ 0 지우고 수식",IF(COUNTIF(AB4:AB4,TRUE)=1,"✔ 맞음","✘ 다시"))
H8: 💡 막히면: HLOOKUP은 가로(행) 방향으로 찾음.

Sheet 04 INDEX+MATCH
A1: 제품 | B1: 가격 | H1: 4번 · INDEX+MATCH
A2: 노트북 | B2: 1200 | H2: 조회 제품[B5]의 가격을 INDEX와 MATCH로 [B6]에 구하시오.
A3: 마우스 | B3: 20
A4: 키보드 | B4: 45
A5: 조회 | B5: 키보드 | H5: B6 의 0 을 지우고 수식을 넣습니다.
A6: 가격 | B6: 0 | H6: 채점 | I6: =IF(NOT(_xlfn.ISFORMULA(B6)),"↖ 0 지우고 수식",IF(COUNTIF(AB6:AB6,TRUE)=1,"✔ 맞음","✘ 다시")) | AA6: =INDEX(B2:B4,MATCH(B5,A2:A4,0)) | AB6: =AND(_xlfn.ISFORMULA(B6),IFERROR(ROUND(B6,4)=ROUND(AA6,4),EXACT(B6,AA6)))
H8: 💡 막히면: MATCH로 몇 번째인지 찾고 INDEX로 그 위치 값을 가져옴.

Sheet 05 코드로 요일
A1: 코드 | B1: 요일 | H1: 5번 · 코드로 요일
A2: 3 | B2: 0 | H2: 코드[A2:A7]가 1이면 "월", 2면 "화", 3이면 "수"가 되도록 CHOOSE로 [B2:B7]에 표시하시오. | AA2: =CHOOSE(A2,"월","화","수") | AB2: =AND(_xlfn.ISFORMULA(B2),IFERROR(ROUND(B2,4)=ROUND(AA2,4),EXACT(B2,AA2)))
A3: 1 | B3: 0 | AA3: =CHOOSE(A3,"월","화","수") | AB3: =AND(_xlfn.ISFORMULA(B3),IFERROR(ROUND(B3,4)=ROUND(AA3,4),EXACT(B3,AA3)))
A4: 2 | B4: 0 | AA4: =CHOOSE(A4,"월","화","수") | AB4: =AND(_xlfn.ISFORMULA(B4),IFERROR(ROUND(B4,4)=ROUND(AA4,4),EXACT(B4,AA4)))
A5: 3 | B5: 0 | H5: ① B2 의 0 을 지우고 수식을 넣습니다. ② 채우기 핸들(칸 오른쪽 아래 ■)을 B7 까지 끌어내립니다. | AA5: =CHOOSE(A5,"월","화","수") | AB5: =AND(_xlfn.ISFORMULA(B5),IFERROR(ROUND(B5,4)=ROUND(AA5,4),EXACT(B5,AA5)))
A6: 2 | B6: 0 | AA6: =CHOOSE(A6,"월","화","수") | AB6: =AND(_xlfn.ISFORMULA(B6),IFERROR(ROUND(B6,4)=ROUND(AA6,4),EXACT(B6,AA6)))
A7: 1 | B7: 0 | H7: 채점 | I7: =IF(NOT(_xlfn.ISFORMULA(B2)),"↖ 0 지우고 수식",IF(COUNTIF(AB2:AB7,TRUE)=6,"✔ 맞음","✘ 다시 ("&COUNTIF(AB2:AB7,TRUE)&" / 6칸)")) | AA7: =CHOOSE(A7,"월","화","수") | AB7: =AND(_xlfn.ISFORMULA(B7),IFERROR(ROUND(B7,4)=ROUND(AA7,4),EXACT(B7,AA7)))
H8: 칸마다 따로 채점합니다. 첫 칸만 맞고 아래가 틀리면 — 끌어내릴 때 움직이면 안 되는 주소에 $ 가 있는지 보세요.
H11: 💡 막히면: CHOOSE(번호, 값1, 값2, 값3)

Sheet 06 INDEX + MATCH로 가로세로 찾기
A1: 이름 | B1: 국어 | C1: 영어 | D1: 수학 | H1: 6번 · INDEX + MATCH로 가로세로 찾기
A2: 김한별 | B2: 80 | C2: 90 | D2: 70 | H2: "이보람"의 수학 점수를 [B5]에 구하시오. (INDEX와 MATCH 이용)
A3: 이보람 | B3: 95 | C3: 85 | D3: 88
A4: 정하늘 | B4: 60 | C4: 70 | D4: 75
B5: 0 | H5: B5 의 0 을 지우고 수식을 넣습니다. | AA5: =INDEX(B2:D4,MATCH("이보람",A2:A4,0),MATCH("수학",B1:D1,0)) | AB5: =AND(_xlfn.ISFORMULA(B5),IFERROR(ROUND(B5,4)=ROUND(AA5,4),EXACT(B5,AA5)))
H6: 채점 | I6: =IF(NOT(_xlfn.ISFORMULA(B5)),"↖ 0 지우고 수식",IF(COUNTIF(AB5:AB5,TRUE)=1,"✔ 맞음","✘ 다시"))
H8: 💡 막히면: INDEX(표, 몇 번째 행, 몇 번째 열) · 행과 열을 각각 MATCH로 찾습니다.

Sheet 07 VLOOKUP과 IFERROR 함께
A1: 코드 | B1: 제품명 | H1: 7번 · VLOOKUP과 IFERROR 함께
A2: A01 | B2: 노트북 | H2: 코드 [A6](A09)에 맞는 제품명을 표[A2:B4]에서 찾되, 없으면 "미등록"을 [B6]에 표시하시오.
A3: A02 | B3: 마우스
A4: A03 | B4: 모니터
H5: B6 의 0 을 지우고 수식을 넣습니다.
A6: A09 | B6: 0 | H6: 채점 | I6: =IF(NOT(_xlfn.ISFORMULA(B6)),"↖ 0 지우고 수식",IF(COUNTIF(AB6:AB6,TRUE)=1,"✔ 맞음","✘ 다시")) | AA6: =IFERROR(VLOOKUP(A6,A2:B4,2,0),"미등록") | AB6: =AND(_xlfn.ISFORMULA(B6),IFERROR(ROUND(B6,4)=ROUND(AA6,4),EXACT(B6,AA6)))
H8: 💡 막히면: IFERROR(수식, 오류일 때 보여 줄 값)

Sheet 08 HLOOKUP 구간 조회
A1: 점수 | B1: 0 | C1: 60 | D1: 80 | E1: 90 | H1: 8번 · HLOOKUP 구간 조회
A2: 등급 | B2: F | C2: D | D2: B | E2: A | H2: 점수 [A4](85)의 등급을 [B4]에 구하시오. (구간을 찾는 HLOOKUP)
A4: 85 | B4: 0 | AA4: =HLOOKUP(A4,B1:E2,2) | AB4: =AND(_xlfn.ISFORMULA(B4),IFERROR(ROUND(B4,4)=ROUND(AA4,4),EXACT(B4,AA4)))
H5: B4 의 0 을 지우고 수식을 넣습니다.
H6: 채점 | I6: =IF(NOT(_xlfn.ISFORMULA(B4)),"↖ 0 지우고 수식",IF(COUNTIF(AB4:AB4,TRUE)=1,"✔ 맞음","✘ 다시"))
H8: 💡 막히면: 마지막 인수를 생략하거나 TRUE로 두면 구간(근사값)으로 찾습니다.

Sheet 09 CHOOSE로 번호에 맞는 값
A1: 이름 | B1: 구분코드 | C1: 구분 | H1: 9번 · CHOOSE로 번호에 맞는 값
A2: 김한별 | B2: 2 | C2: 0 | H2: 구분코드[B2:B6]가 1이면 "정회원", 2면 "준회원", 3이면 "임시"가 되도록 [C2:C6]에 표시하시오. | AA2: =CHOOSE(B2,"정회원","준회원","임시") | AB2: =AND(_xlfn.ISFORMULA(C2),IFERROR(ROUND(C2,4)=ROUND(AA2,4),EXACT(C2,AA2)))
A3: 이보람 | B3: 1 | C3: 0 | AA3: =CHOOSE(B3,"정회원","준회원","임시") | AB3: =AND(_xlfn.ISFORMULA(C3),IFERROR(ROUND(C3,4)=ROUND(AA3,4),EXACT(C3,AA3)))
A4: 정하늘 | B4: 3 | C4: 0 | AA4: =CHOOSE(B4,"정회원","준회원","임시") | AB4: =AND(_xlfn.ISFORMULA(C4),IFERROR(ROUND(C4,4)=ROUND(AA4,4),EXACT(C4,AA4)))
A5: 한겨울 | B5: 2 | C5: 0 | H5: ① C2 의 0 을 지우고 수식을 넣습니다. ② 채우기 핸들(칸 오른쪽 아래 ■)을 C6 까지 끌어내립니다. | AA5: =CHOOSE(B5,"정회원","준회원","임시") | AB5: =AND(_xlfn.ISFORMULA(C5),IFERROR(ROUND(C5,4)=ROUND(AA5,4),EXACT(C5,AA5)))
A6: 서지호 | B6: 1 | C6: 0 | AA6: =CHOOSE(B6,"정회원","준회원","임시") | AB6: =AND(_xlfn.ISFORMULA(C6),IFERROR(ROUND(C6,4)=ROUND(AA6,4),EXACT(C6,AA6)))
H7: 채점 | I7: =IF(NOT(_xlfn.ISFORMULA(C2)),"↖ 0 지우고 수식",IF(COUNTIF(AB2:AB6,TRUE)=5,"✔ 맞음","✘ 다시 ("&COUNTIF(AB2:AB6,TRUE)&" / 5칸)"))
H8: 칸마다 따로 채점합니다. 첫 칸만 맞고 아래가 틀리면 — 끌어내릴 때 움직이면 안 되는 주소에 $ 가 있는지 보세요.
H11: 💡 막히면: CHOOSE(번호, 1번값, 2번값, 3번값 …)

Sheet 10 행·열 두 방향으로 찾기
A1: 이름 | B1: 국어 | C1: 영어 | D1: 수학 | F1: 이름 | G1: 과목 | H1: 점수 | J1: 10번 · 행·열 두 방향으로 찾기
A2: 김한별 | B2: 80 | C2: 90 | D2: 70 | F2: 이보람 | G2: 수학 | H2: 0 | J2: 이름[F2:F5]과 과목[G2:G5]으로 점수표[A1:D5]에서 점수를 찾아 [H2:H5]에 표시하시오. (INDEX와 MATCH 사용) | AA2: =INDEX($B$2:$D$5,MATCH(F2,$A$2:$A$5,0),MATCH(G2,$B$1:$D$1,0)) | AB2: =AND(_xlfn.ISFORMULA(H2),IFERROR(ROUND(H2,4)=ROUND(AA2,4),EXACT(H2,AA2)))
A3: 이보람 | B3: 95 | C3: 85 | D3: 88 | F3: 김한별 | G3: 영어 | H3: 0 | AA3: =INDEX($B$2:$D$5,MATCH(F3,$A$2:$A$5,0),MATCH(G3,$B$1:$D$1,0)) | AB3: =AND(_xlfn.ISFORMULA(H3),IFERROR(ROUND(H3,4)=ROUND(AA3,4),EXACT(H3,AA3)))
A4: 정하늘 | B4: 60 | C4: 70 | D4: 75 | F4: 정하늘 | G4: 국어 | H4: 0 | AA4: =INDEX($B$2:$D$5,MATCH(F4,$A$2:$A$5,0),MATCH(G4,$B$1:$D$1,0)) | AB4: =AND(_xlfn.ISFORMULA(H4),IFERROR(ROUND(H4,4)=ROUND(AA4,4),EXACT(H4,AA4)))
A5: 한겨울 | B5: 88 | C5: 92 | D5: 65 | F5: 한겨울 | G5: 수학 | H5: 0 | J5: ① H2 의 0 을 지우고 수식을 넣습니다. ② 채우기 핸들(칸 오른쪽 아래 ■)을 H5 까지 끌어내립니다. | AA5: =INDEX($B$2:$D$5,MATCH(F5,$A$2:$A$5,0),MATCH(G5,$B$1:$D$1,0)) | AB5: =AND(_xlfn.ISFORMULA(H5),IFERROR(ROUND(H5,4)=ROUND(AA5,4),EXACT(H5,AA5)))
J7: 채점 | K7: =IF(NOT(_xlfn.ISFORMULA(H2)),"↖ 0 지우고 수식",IF(COUNTIF(AB2:AB5,TRUE)=4,"✔ 맞음","✘ 다시 ("&COUNTIF(AB2:AB5,TRUE)&" / 4칸)"))
J8: 칸마다 따로 채점합니다. 첫 칸만 맞고 아래가 틀리면 — 끌어내릴 때 움직이면 안 되는 주소에 $ 가 있는지 보세요.
J11: 💡 막히면: INDEX(점수 영역, 몇 번째 행, 몇 번째 열). 행 번호는 이름으로, 열 번호는 과목으로 MATCH. 표 범위는 전부 고정.

Sheet 정답
A1: 정답 — 먼저 스스로 풀어 본 뒤에 보세요
A2: [넣을 칸] 의 첫 칸에 이 수식을 넣고, 칸이 여러 개면 끝까지 끌어내리면 됩니다.
A4: 번호 | B4: 문제 | C4: 넣을 칸 | D4: 모범답안 (첫 칸) | E4: 힌트
A5: 1 | B5: 점수로 등급 찾기 | C5: C2:C7 | D5: =VLOOKUP(B2,$E$2:$F$6,2,TRUE) | E5: VLOOKUP(찾을값, $기준표$, 열번호, TRUE). 등급은 기준표의 2번째 열.
A6: 2 | B6: 사번으로 이름 찾기 | C6: E2:E5 | D6: =VLOOKUP(D2,$A$2:$B$5,2,FALSE) | E6: 정확히 일치는 네 번째 인수 FALSE(또는 0).
A7: 3 | B7: 가로 표에서 찾기 | C7: D4 | D7: =HLOOKUP(B4,$A$1:$E$2,2,FALSE) | E7: HLOOKUP은 가로(행) 방향으로 찾음.
A8: 4 | B8: INDEX+MATCH | C8: B6 | D8: =INDEX(B2:B4,MATCH(B5,A2:A4,0)) | E8: MATCH로 몇 번째인지 찾고 INDEX로 그 위치 값을 가져옴.
A9: 5 | B9: 코드로 요일 | C9: B2:B7 | D9: =CHOOSE(A2,"월","화","수") | E9: CHOOSE(번호, 값1, 값2, 값3)
A10: 6 | B10: INDEX + MATCH로 가로세로 찾기 | C10: B5 | D10: =INDEX(B2:D4,MATCH("이보람",A2:A4,0),MATCH("수학",B1:D1,0)) | E10: INDEX(표, 몇 번째 행, 몇 번째 열) · 행과 열을 각각 MATCH로 찾습니다.
A11: 7 | B11: VLOOKUP과 IFERROR 함께 | C11: B6 | D11: =IFERROR(VLOOKUP(A6,A2:B4,2,0),"미등록") | E11: IFERROR(수식, 오류일 때 보여 줄 값)
A12: 8 | B12: HLOOKUP 구간 조회 | C12: B4 | D12: =HLOOKUP(A4,B1:E2,2) | E12: 마지막 인수를 생략하거나 TRUE로 두면 구간(근사값)으로 찾습니다.
A13: 9 | B13: CHOOSE로 번호에 맞는 값 | C13: C2:C6 | D13: =CHOOSE(B2,"정회원","준회원","임시") | E13: CHOOSE(번호, 1번값, 2번값, 3번값 …)
A14: 10 | B14: 행·열 두 방향으로 찾기 | C14: H2:H5 | D14: =INDEX($B$2:$D$5,MATCH(F2,$A$2:$A$5,0),MATCH(G2,$B$1:$D$1,0)) | E14: INDEX(점수 영역, 몇 번째 행, 몇 번째 열). 행 번호는 이름으로, 열 번호는 과목으로 MATCH. 표 범위는 전부 고정.
