Workbook

Sheet 읽어보기
B2: 컴활 1급 실기 · 함수 연습 — 수학반올림 (10문제)
B3: 웹 「함수 연습소」의 [수학·반올림] 범위와 똑같은 문제입니다. 번호도, 표도, 칸 주소도 같습니다.
B4: 웹에서는 한 문제씩, 여기서는 진짜 엑셀로 한꺼번에 풀어 봅니다.
B5: 푸는 법
B6: ① 아래 시트 탭(01, 02 …)이 문제 하나씩입니다. 오른쪽에 문제가 적혀 있습니다.
B7: ② 노란 칸의 0 을 지우고 = 로 시작하는 수식을 넣습니다.
B8: ③ 노란 칸이 여러 줄이면 — 첫 칸에만 수식을 넣고, 채우기 핸들(칸 오른쪽 아래 ■)을 마지막 노란 칸까지 끌어내립니다.
B9: ④ 오른쪽 [채점] 칸이 ✔ 맞음 / ✘ 다시 로 스스로 바뀝니다. 수식이 달라도 결과가 같으면 맞음입니다.
B10: ⑤ [채점표] 시트에서 전체 진행 상황을, 맨 끝 [정답] 시트에서 모범답안을 볼 수 있습니다.
B11: 사람마다 결과가 달라야 정상입니다. 첫 칸은 맞았는데 아래 칸이 틀린다면, 끌어내리면서 범위나 기준 칸도 같이 내려간 것입니다 — 움직이면 안 되는 주소에 F4 로 $ 를 붙이세요.
B12: 값이 안 바뀌어 보이면 Ctrl + Alt + F9 (전체 다시 계산). 숫자를 손으로 적으면 맞음이 나오지 않습니다.

Sheet 채점표
A1: 채점표 — 수학반올림 10문제
A3: 번호 | B3: 문제 | C3: 넣을 칸 | D3: 채점
A4: 1 | B4: 짝수/홀수 판별 | C4: B2 → B7 | D4: ='01 짝수홀수 판별'!I7
A5: 2 | B5: 정수 반올림 | C5: B2 → B7 | D5: ='02 정수 반올림'!I7
A6: 3 | B6: 십의 자리 반올림 | C6: B2 → B7 | D6: ='03 십의 자리 반올림'!I7
A7: 4 | B7: 나눗셈 몫 | C7: C2 → C6 | D7: ='04 나눗셈 몫'!I7
A8: 5 | B8: 차이의 절대값 | C8: C2 → C6 | D8: ='05 차이의 절대값'!I7
A9: 6 | B9: 구성비(%) | C9: D2 → D6 | D9: ='06 구성비%'!I7
A10: 7 | B10: 여러 값을 모두 곱하기 | C10: D2 → D6 | D10: ='07 여러 값을 모두 곱하기'!I7
A11: 8 | B11: 천의 자리에서 올림 | C11: B2 → B7 | D11: ='08 천의 자리에서 올림'!I7
A12: 9 | B12: 몫과 나머지로 나누어 담기 | C12: C2 → C6 | D12: ='09 몫과 나머지로 나누어 담기'!I7
A13: 10 | B13: SUMPRODUCT로 총 금액 | C13: C5 | D13: ='10 SUMPRODUCT로 총 금액'!I6
B15: 맞은 문제 | D15: =COUNTIF(D4:D13,"*맞음*")&" / 10"

Sheet 01 짝수홀수 판별
A1: 번호 | B1: 구분 | H1: 1번 · 짝수/홀수 판별
A2: 7 | B2: 0 | H2: 번호[A2:A7]를 2로 나눈 나머지가 0이면 "짝", 아니면 "홀"을 [B2:B7]에 표시하시오. | AA2: =IF(MOD(A2,2)=0,"짝","홀") | AB2: =AND(_xlfn.ISFORMULA(B2),IFERROR(ROUND(B2,4)=ROUND(AA2,4),EXACT(B2,AA2)))
A3: 12 | B3: 0 | AA3: =IF(MOD(A3,2)=0,"짝","홀") | AB3: =AND(_xlfn.ISFORMULA(B3),IFERROR(ROUND(B3,4)=ROUND(AA3,4),EXACT(B3,AA3)))
A4: 1 | B4: 0 | AA4: =IF(MOD(A4,2)=0,"짝","홀") | AB4: =AND(_xlfn.ISFORMULA(B4),IFERROR(ROUND(B4,4)=ROUND(AA4,4),EXACT(B4,AA4)))
A5: 0 | B5: 0 | H5: ① B2 의 0 을 지우고 수식을 넣습니다. ② 채우기 핸들(칸 오른쪽 아래 ■)을 B7 까지 끌어내립니다. | AA5: =IF(MOD(A5,2)=0,"짝","홀") | AB5: =AND(_xlfn.ISFORMULA(B5),IFERROR(ROUND(B5,4)=ROUND(AA5,4),EXACT(B5,AA5)))
A6: 99 | B6: 0 | AA6: =IF(MOD(A6,2)=0,"짝","홀") | AB6: =AND(_xlfn.ISFORMULA(B6),IFERROR(ROUND(B6,4)=ROUND(AA6,4),EXACT(B6,AA6)))
A7: 40 | B7: 0 | H7: 채점 | I7: =IF(NOT(_xlfn.ISFORMULA(B2)),"↖ 0 지우고 수식",IF(COUNTIF(AB2:AB7,TRUE)=6,"✔ 맞음","✘ 다시 ("&COUNTIF(AB2:AB7,TRUE)&" / 6칸)")) | AA7: =IF(MOD(A7,2)=0,"짝","홀") | AB7: =AND(_xlfn.ISFORMULA(B7),IFERROR(ROUND(B7,4)=ROUND(AA7,4),EXACT(B7,AA7)))
H8: 칸마다 따로 채점합니다. 첫 칸만 맞고 아래가 틀리면 — 끌어내릴 때 움직이면 안 되는 주소에 $ 가 있는지 보세요.
H11: 💡 막히면: MOD(수, 2)는 나머지. IF와 함께 사용.

Sheet 02 정수 반올림
A1: 값 | B1: 결과 | H1: 2번 · 정수 반올림
A2: 3847.6 | B2: 0 | H2: 값[A2:A7]을 정수로 반올림하여 [B2:B7]에 표시하시오. | AA2: =ROUND(A2,0) | AB2: =AND(_xlfn.ISFORMULA(B2),IFERROR(ROUND(B2,4)=ROUND(AA2,4),EXACT(B2,AA2)))
A3: 3847.5 | B3: 0 | AA3: =ROUND(A3,0) | AB3: =AND(_xlfn.ISFORMULA(B3),IFERROR(ROUND(B3,4)=ROUND(AA3,4),EXACT(B3,AA3)))
A4: -2.5 | B4: 0 | AA4: =ROUND(A4,0) | AB4: =AND(_xlfn.ISFORMULA(B4),IFERROR(ROUND(B4,4)=ROUND(AA4,4),EXACT(B4,AA4)))
A5: 0.49 | B5: 0 | H5: ① B2 의 0 을 지우고 수식을 넣습니다. ② 채우기 핸들(칸 오른쪽 아래 ■)을 B7 까지 끌어내립니다. | AA5: =ROUND(A5,0) | AB5: =AND(_xlfn.ISFORMULA(B5),IFERROR(ROUND(B5,4)=ROUND(AA5,4),EXACT(B5,AA5)))
A6: 1024.51 | B6: 0 | AA6: =ROUND(A6,0) | AB6: =AND(_xlfn.ISFORMULA(B6),IFERROR(ROUND(B6,4)=ROUND(AA6,4),EXACT(B6,AA6)))
A7: 99.99 | B7: 0 | H7: 채점 | I7: =IF(NOT(_xlfn.ISFORMULA(B2)),"↖ 0 지우고 수식",IF(COUNTIF(AB2:AB7,TRUE)=6,"✔ 맞음","✘ 다시 ("&COUNTIF(AB2:AB7,TRUE)&" / 6칸)")) | AA7: =ROUND(A7,0) | AB7: =AND(_xlfn.ISFORMULA(B7),IFERROR(ROUND(B7,4)=ROUND(AA7,4),EXACT(B7,AA7)))
H8: 칸마다 따로 채점합니다. 첫 칸만 맞고 아래가 틀리면 — 끌어내릴 때 움직이면 안 되는 주소에 $ 가 있는지 보세요.
H11: 💡 막히면: ROUND(값, 0)

Sheet 03 십의 자리 반올림
A1: 값 | B1: 결과 | H1: 3번 · 십의 자리 반올림
A2: 3847 | B2: 0 | H2: 값[A2:A7]을 십의 자리에서 반올림(백의 자리까지)하여 [B2:B7]에 표시하시오. | AA2: =ROUND(A2,-2) | AB2: =AND(_xlfn.ISFORMULA(B2),IFERROR(ROUND(B2,4)=ROUND(AA2,4),EXACT(B2,AA2)))
A3: 3850 | B3: 0 | AA3: =ROUND(A3,-2) | AB3: =AND(_xlfn.ISFORMULA(B3),IFERROR(ROUND(B3,4)=ROUND(AA3,4),EXACT(B3,AA3)))
A4: 3849.9 | B4: 0 | AA4: =ROUND(A4,-2) | AB4: =AND(_xlfn.ISFORMULA(B4),IFERROR(ROUND(B4,4)=ROUND(AA4,4),EXACT(B4,AA4)))
A5: 49 | B5: 0 | H5: ① B2 의 0 을 지우고 수식을 넣습니다. ② 채우기 핸들(칸 오른쪽 아래 ■)을 B7 까지 끌어내립니다. | AA5: =ROUND(A5,-2) | AB5: =AND(_xlfn.ISFORMULA(B5),IFERROR(ROUND(B5,4)=ROUND(AA5,4),EXACT(B5,AA5)))
A6: -1250 | B6: 0 | AA6: =ROUND(A6,-2) | AB6: =AND(_xlfn.ISFORMULA(B6),IFERROR(ROUND(B6,4)=ROUND(AA6,4),EXACT(B6,AA6)))
A7: 12345 | B7: 0 | H7: 채점 | I7: =IF(NOT(_xlfn.ISFORMULA(B2)),"↖ 0 지우고 수식",IF(COUNTIF(AB2:AB7,TRUE)=6,"✔ 맞음","✘ 다시 ("&COUNTIF(AB2:AB7,TRUE)&" / 6칸)")) | AA7: =ROUND(A7,-2) | AB7: =AND(_xlfn.ISFORMULA(B7),IFERROR(ROUND(B7,4)=ROUND(AA7,4),EXACT(B7,AA7)))
H8: 칸마다 따로 채점합니다. 첫 칸만 맞고 아래가 틀리면 — 끌어내릴 때 움직이면 안 되는 주소에 $ 가 있는지 보세요.
H11: 💡 막히면: 자리수를 음수로: ROUND(값, -2)는 백 단위.

Sheet 04 나눗셈 몫
A1: 총개수 | B1: 한상자 | C1: 상자수 | H1: 4번 · 나눗셈 몫
A2: 47 | B2: 12 | C2: 0 | H2: 총개수[A2:A6]를 한상자[B2:B6]로 나눈 몫(정수)을 [C2:C6]에 구하시오. | AA2: =INT(A2/B2) | AB2: =AND(_xlfn.ISFORMULA(C2),IFERROR(ROUND(C2,4)=ROUND(AA2,4),EXACT(C2,AA2)))
A3: 48 | B3: 12 | C3: 0 | AA3: =INT(A3/B3) | AB3: =AND(_xlfn.ISFORMULA(C3),IFERROR(ROUND(C3,4)=ROUND(AA3,4),EXACT(C3,AA3)))
A4: 11 | B4: 12 | C4: 0 | AA4: =INT(A4/B4) | AB4: =AND(_xlfn.ISFORMULA(C4),IFERROR(ROUND(C4,4)=ROUND(AA4,4),EXACT(C4,AA4)))
A5: 100 | B5: 7 | C5: 0 | H5: ① C2 의 0 을 지우고 수식을 넣습니다. ② 채우기 핸들(칸 오른쪽 아래 ■)을 C6 까지 끌어내립니다. | AA5: =INT(A5/B5) | AB5: =AND(_xlfn.ISFORMULA(C5),IFERROR(ROUND(C5,4)=ROUND(AA5,4),EXACT(C5,AA5)))
A6: 36 | B6: 4 | C6: 0 | AA6: =INT(A6/B6) | AB6: =AND(_xlfn.ISFORMULA(C6),IFERROR(ROUND(C6,4)=ROUND(AA6,4),EXACT(C6,AA6)))
H7: 채점 | I7: =IF(NOT(_xlfn.ISFORMULA(C2)),"↖ 0 지우고 수식",IF(COUNTIF(AB2:AB6,TRUE)=5,"✔ 맞음","✘ 다시 ("&COUNTIF(AB2:AB6,TRUE)&" / 5칸)"))
H8: 칸마다 따로 채점합니다. 첫 칸만 맞고 아래가 틀리면 — 끌어내릴 때 움직이면 안 되는 주소에 $ 가 있는지 보세요.
H11: 💡 막히면: INT(A2/B2)는 나눗셈 결과의 정수 부분.

Sheet 05 차이의 절대값
A1: 목표 | B1: 실적 | C1: 차이 | H1: 5번 · 차이의 절대값
A2: 200 | B2: 235 | C2: 0 | H2: 목표[A2:A6]와 실적[B2:B6]의 차이를 절대값으로 [C2:C6]에 구하시오. | AA2: =ABS(A2-B2) | AB2: =AND(_xlfn.ISFORMULA(C2),IFERROR(ROUND(C2,4)=ROUND(AA2,4),EXACT(C2,AA2)))
A3: 500 | B3: 480 | C3: 0 | AA3: =ABS(A3-B3) | AB3: =AND(_xlfn.ISFORMULA(C3),IFERROR(ROUND(C3,4)=ROUND(AA3,4),EXACT(C3,AA3)))
A4: 300 | B4: 300 | C4: 0 | AA4: =ABS(A4-B4) | AB4: =AND(_xlfn.ISFORMULA(C4),IFERROR(ROUND(C4,4)=ROUND(AA4,4),EXACT(C4,AA4)))
A5: 250 | B5: 410 | C5: 0 | H5: ① C2 의 0 을 지우고 수식을 넣습니다. ② 채우기 핸들(칸 오른쪽 아래 ■)을 C6 까지 끌어내립니다. | AA5: =ABS(A5-B5) | AB5: =AND(_xlfn.ISFORMULA(C5),IFERROR(ROUND(C5,4)=ROUND(AA5,4),EXACT(C5,AA5)))
A6: 120 | B6: 95 | C6: 0 | AA6: =ABS(A6-B6) | AB6: =AND(_xlfn.ISFORMULA(C6),IFERROR(ROUND(C6,4)=ROUND(AA6,4),EXACT(C6,AA6)))
H7: 채점 | I7: =IF(NOT(_xlfn.ISFORMULA(C2)),"↖ 0 지우고 수식",IF(COUNTIF(AB2:AB6,TRUE)=5,"✔ 맞음","✘ 다시 ("&COUNTIF(AB2:AB6,TRUE)&" / 5칸)"))
H8: 칸마다 따로 채점합니다. 첫 칸만 맞고 아래가 틀리면 — 끌어내릴 때 움직이면 안 되는 주소에 $ 가 있는지 보세요.
H11: 💡 막히면: ABS(A2-B2)

Sheet 06 구성비%
A1: 제품 | B1: 판매 | C1: 전체 | D1: 비율 | H1: 6번 · 구성비(%)
A2: A | B2: 45 | C2: 180 | D2: 0 | H2: 판매[B2:B6]가 전체[C2:C6]에서 차지하는 비율(%)을 정수 반올림하여 [D2:D6]에 구하시오. | AA2: =ROUND(B2/C2*100,0) | AB2: =AND(_xlfn.ISFORMULA(D2),IFERROR(ROUND(D2,4)=ROUND(AA2,4),EXACT(D2,AA2)))
A3: B | B3: 30 | C3: 180 | D3: 0 | AA3: =ROUND(B3/C3*100,0) | AB3: =AND(_xlfn.ISFORMULA(D3),IFERROR(ROUND(D3,4)=ROUND(AA3,4),EXACT(D3,AA3)))
A4: C | B4: 90 | C4: 180 | D4: 0 | AA4: =ROUND(B4/C4*100,0) | AB4: =AND(_xlfn.ISFORMULA(D4),IFERROR(ROUND(D4,4)=ROUND(AA4,4),EXACT(D4,AA4)))
A5: D | B5: 1 | C5: 3 | D5: 0 | H5: ① D2 의 0 을 지우고 수식을 넣습니다. ② 채우기 핸들(칸 오른쪽 아래 ■)을 D6 까지 끌어내립니다. | AA5: =ROUND(B5/C5*100,0) | AB5: =AND(_xlfn.ISFORMULA(D5),IFERROR(ROUND(D5,4)=ROUND(AA5,4),EXACT(D5,AA5)))
A6: E | B6: 55 | C6: 110 | D6: 0 | AA6: =ROUND(B6/C6*100,0) | AB6: =AND(_xlfn.ISFORMULA(D6),IFERROR(ROUND(D6,4)=ROUND(AA6,4),EXACT(D6,AA6)))
H7: 채점 | I7: =IF(NOT(_xlfn.ISFORMULA(D2)),"↖ 0 지우고 수식",IF(COUNTIF(AB2:AB6,TRUE)=5,"✔ 맞음","✘ 다시 ("&COUNTIF(AB2:AB6,TRUE)&" / 5칸)"))
H8: 칸마다 따로 채점합니다. 첫 칸만 맞고 아래가 틀리면 — 끌어내릴 때 움직이면 안 되는 주소에 $ 가 있는지 보세요.
H11: 💡 막히면: B2/C2*100 후 ROUND(...,0)

Sheet 07 여러 값을 모두 곱하기
A1: 단가 | B1: 수량 | C1: 할인율 | D1: 금액 | H1: 7번 · 여러 값을 모두 곱하기
A2: 200 | B2: 15 | C2: 0.9 | D2: 0 | H2: 단가[A2:A6] × 수량[B2:B6] × 할인율[C2:C6]을 [D2:D6]에 구하시오. (PRODUCT 사용) | AA2: =PRODUCT(A2:C2) | AB2: =AND(_xlfn.ISFORMULA(D2),IFERROR(ROUND(D2,4)=ROUND(AA2,4),EXACT(D2,AA2)))
A3: 1000 | B3: 3 | C3: 1 | D3: 0 | AA3: =PRODUCT(A3:C3) | AB3: =AND(_xlfn.ISFORMULA(D3),IFERROR(ROUND(D3,4)=ROUND(AA3,4),EXACT(D3,AA3)))
A4: 450 | B4: 10 | C4: 0.8 | D4: 0 | AA4: =PRODUCT(A4:C4) | AB4: =AND(_xlfn.ISFORMULA(D4),IFERROR(ROUND(D4,4)=ROUND(AA4,4),EXACT(D4,AA4)))
A5: 12000 | B5: 2 | C5: 0.95 | D5: 0 | H5: ① D2 의 0 을 지우고 수식을 넣습니다. ② 채우기 핸들(칸 오른쪽 아래 ■)을 D6 까지 끌어내립니다. | AA5: =PRODUCT(A5:C5) | AB5: =AND(_xlfn.ISFORMULA(D5),IFERROR(ROUND(D5,4)=ROUND(AA5,4),EXACT(D5,AA5)))
A6: 99 | B6: 0 | C6: 1 | D6: 0 | AA6: =PRODUCT(A6:C6) | AB6: =AND(_xlfn.ISFORMULA(D6),IFERROR(ROUND(D6,4)=ROUND(AA6,4),EXACT(D6,AA6)))
H7: 채점 | I7: =IF(NOT(_xlfn.ISFORMULA(D2)),"↖ 0 지우고 수식",IF(COUNTIF(AB2:AB6,TRUE)=5,"✔ 맞음","✘ 다시 ("&COUNTIF(AB2:AB6,TRUE)&" / 5칸)"))
H8: 칸마다 따로 채점합니다. 첫 칸만 맞고 아래가 틀리면 — 끌어내릴 때 움직이면 안 되는 주소에 $ 가 있는지 보세요.
H11: 💡 막히면: PRODUCT(범위)는 범위 안의 숫자를 모두 곱합니다.

Sheet 08 천의 자리에서 올림
A1: 금액 | B1: 표시 | H1: 8번 · 천의 자리에서 올림
A2: 1234567 | B2: 0 | H2: 금액[A2:A7]을 천의 자리에서 올림해 [B2:B7]에 표시하시오. | AA2: =ROUNDUP(A2,-3) | AB2: =AND(_xlfn.ISFORMULA(B2),IFERROR(ROUND(B2,4)=ROUND(AA2,4),EXACT(B2,AA2)))
A3: 1000 | B3: 0 | AA3: =ROUNDUP(A3,-3) | AB3: =AND(_xlfn.ISFORMULA(B3),IFERROR(ROUND(B3,4)=ROUND(AA3,4),EXACT(B3,AA3)))
A4: 1001 | B4: 0 | AA4: =ROUNDUP(A4,-3) | AB4: =AND(_xlfn.ISFORMULA(B4),IFERROR(ROUND(B4,4)=ROUND(AA4,4),EXACT(B4,AA4)))
A5: 999 | B5: 0 | H5: ① B2 의 0 을 지우고 수식을 넣습니다. ② 채우기 핸들(칸 오른쪽 아래 ■)을 B7 까지 끌어내립니다. | AA5: =ROUNDUP(A5,-3) | AB5: =AND(_xlfn.ISFORMULA(B5),IFERROR(ROUND(B5,4)=ROUND(AA5,4),EXACT(B5,AA5)))
A6: 45678 | B6: 0 | AA6: =ROUNDUP(A6,-3) | AB6: =AND(_xlfn.ISFORMULA(B6),IFERROR(ROUND(B6,4)=ROUND(AA6,4),EXACT(B6,AA6)))
A7: 2500000 | B7: 0 | H7: 채점 | I7: =IF(NOT(_xlfn.ISFORMULA(B2)),"↖ 0 지우고 수식",IF(COUNTIF(AB2:AB7,TRUE)=6,"✔ 맞음","✘ 다시 ("&COUNTIF(AB2:AB7,TRUE)&" / 6칸)")) | AA7: =ROUNDUP(A7,-3) | AB7: =AND(_xlfn.ISFORMULA(B7),IFERROR(ROUND(B7,4)=ROUND(AA7,4),EXACT(B7,AA7)))
H8: 칸마다 따로 채점합니다. 첫 칸만 맞고 아래가 틀리면 — 끌어내릴 때 움직이면 안 되는 주소에 $ 가 있는지 보세요.
H11: 💡 막히면: 자릿수를 음수로 주면 정수 쪽으로 갑니다. -3은 천 단위.

Sheet 09 몫과 나머지로 나누어 담기
A1: 총개수 | B1: 한상자 | C1: 상자수 | D1: 남는개수 | H1: 9번 · 몫과 나머지로 나누어 담기
A2: 47 | B2: 6 | C2: 0 | H2: 총개수[A2:A6]를 한상자[B2:B6]씩 담을 때 필요한 상자 수(남는 것 제외)를 [C2:C6]에 구하시오. | AA2: =INT(A2/B2) | AB2: =AND(_xlfn.ISFORMULA(C2),IFERROR(ROUND(C2,4)=ROUND(AA2,4),EXACT(C2,AA2)))
A3: 48 | B3: 6 | C3: 0 | AA3: =INT(A3/B3) | AB3: =AND(_xlfn.ISFORMULA(C3),IFERROR(ROUND(C3,4)=ROUND(AA3,4),EXACT(C3,AA3)))
A4: 5 | B4: 6 | C4: 0 | AA4: =INT(A4/B4) | AB4: =AND(_xlfn.ISFORMULA(C4),IFERROR(ROUND(C4,4)=ROUND(AA4,4),EXACT(C4,AA4)))
A5: 100 | B5: 12 | C5: 0 | H5: ① C2 의 0 을 지우고 수식을 넣습니다. ② 채우기 핸들(칸 오른쪽 아래 ■)을 C6 까지 끌어내립니다. | AA5: =INT(A5/B5) | AB5: =AND(_xlfn.ISFORMULA(C5),IFERROR(ROUND(C5,4)=ROUND(AA5,4),EXACT(C5,AA5)))
A6: 73 | B6: 10 | C6: 0 | AA6: =INT(A6/B6) | AB6: =AND(_xlfn.ISFORMULA(C6),IFERROR(ROUND(C6,4)=ROUND(AA6,4),EXACT(C6,AA6)))
H7: 채점 | I7: =IF(NOT(_xlfn.ISFORMULA(C2)),"↖ 0 지우고 수식",IF(COUNTIF(AB2:AB6,TRUE)=5,"✔ 맞음","✘ 다시 ("&COUNTIF(AB2:AB6,TRUE)&" / 5칸)"))
H8: 칸마다 따로 채점합니다. 첫 칸만 맞고 아래가 틀리면 — 끌어내릴 때 움직이면 안 되는 주소에 $ 가 있는지 보세요.
H11: 💡 막히면: 남는 개수는 MOD(A2,B2)로 구합니다.

Sheet 10 SUMPRODUCT로 총 금액
A1: 품목 | B1: 단가 | C1: 수량 | H1: 10번 · SUMPRODUCT로 총 금액
A2: 노트 | B2: 1200 | C2: 3 | H2: 단가[B2:B4]와 수량[C2:C4]을 각각 곱해 더한 총 금액을 [C5]에 구하시오.
A3: 펜 | B3: 800 | C3: 5
A4: 지우개 | B4: 500 | C4: 2
C5: 0 | H5: C5 의 0 을 지우고 수식을 넣습니다. | AA5: =SUMPRODUCT(B2:B4,C2:C4) | AB5: =AND(_xlfn.ISFORMULA(C5),IFERROR(ROUND(C5,4)=ROUND(AA5,4),EXACT(C5,AA5)))
H6: 채점 | I6: =IF(NOT(_xlfn.ISFORMULA(C5)),"↖ 0 지우고 수식",IF(COUNTIF(AB5:AB5,TRUE)=1,"✔ 맞음","✘ 다시"))
H8: 💡 막히면: SUMPRODUCT(범위1, 범위2) = 짝끼리 곱해서 모두 더하기

Sheet 정답
A1: 정답 — 먼저 스스로 풀어 본 뒤에 보세요
A2: [넣을 칸] 의 첫 칸에 이 수식을 넣고, 칸이 여러 개면 끝까지 끌어내리면 됩니다.
A4: 번호 | B4: 문제 | C4: 넣을 칸 | D4: 모범답안 (첫 칸) | E4: 힌트
A5: 1 | B5: 짝수/홀수 판별 | C5: B2:B7 | D5: =IF(MOD(A2,2)=0,"짝","홀") | E5: MOD(수, 2)는 나머지. IF와 함께 사용.
A6: 2 | B6: 정수 반올림 | C6: B2:B7 | D6: =ROUND(A2,0) | E6: ROUND(값, 0)
A7: 3 | B7: 십의 자리 반올림 | C7: B2:B7 | D7: =ROUND(A2,-2) | E7: 자리수를 음수로: ROUND(값, -2)는 백 단위.
A8: 4 | B8: 나눗셈 몫 | C8: C2:C6 | D8: =INT(A2/B2) | E8: INT(A2/B2)는 나눗셈 결과의 정수 부분.
A9: 5 | B9: 차이의 절대값 | C9: C2:C6 | D9: =ABS(A2-B2) | E9: ABS(A2-B2)
A10: 6 | B10: 구성비(%) | C10: D2:D6 | D10: =ROUND(B2/C2*100,0) | E10: B2/C2*100 후 ROUND(...,0)
A11: 7 | B11: 여러 값을 모두 곱하기 | C11: D2:D6 | D11: =PRODUCT(A2:C2) | E11: PRODUCT(범위)는 범위 안의 숫자를 모두 곱합니다.
A12: 8 | B12: 천의 자리에서 올림 | C12: B2:B7 | D12: =ROUNDUP(A2,-3) | E12: 자릿수를 음수로 주면 정수 쪽으로 갑니다. -3은 천 단위.
A13: 9 | B13: 몫과 나머지로 나누어 담기 | C13: C2:C6 | D13: =INT(A2/B2) | E13: 남는 개수는 MOD(A2,B2)로 구합니다.
A14: 10 | B14: SUMPRODUCT로 총 금액 | C14: C5 | D14: =SUMPRODUCT(B2:B4,C2:C4) | E14: SUMPRODUCT(범위1, 범위2) = 짝끼리 곱해서 모두 더하기
